2025-01-14 16:24:08,020 :: INFO :: logger set up successfully
2025-01-14 16:24:08,022 :: INFO :: started task ArguAna(name='ArguAna', languages=['eng'])
2025-01-14 16:24:21,087 :: INFO :: ended task ArguAna(name='ArguAna', languages=['eng'])
2025-01-14 16:24:21,087 :: INFO :: started task ArxivClusteringP2P(name='ArxivClusteringP2P', languages=['eng'])
2025-01-14 16:28:33,255 :: INFO :: ended task ArxivClusteringP2P(name='ArxivClusteringP2P', languages=['eng'])
2025-01-14 16:28:33,256 :: INFO :: started task BiorxivClusteringP2P(name='BiorxivClusteringP2P', languages=['eng'])
2025-01-14 16:29:20,523 :: INFO :: ended task BiorxivClusteringP2P(name='BiorxivClusteringP2P', languages=['eng'])
2025-01-14 16:29:20,523 :: INFO :: started task MedrxivClusteringP2P(name='MedrxivClusteringP2P', languages=['eng'])
2025-01-14 16:29:54,110 :: INFO :: ended task MedrxivClusteringP2P(name='MedrxivClusteringP2P', languages=['eng'])
2025-01-14 16:29:54,111 :: INFO :: started task MindSmallReranking(name='MindSmallReranking', languages=['eng'])
2025-01-14 16:34:14,249 :: INFO :: ended task MindSmallReranking(name='MindSmallReranking', languages=['eng'])
2025-01-14 16:34:14,250 :: INFO :: started task RedditClusteringP2P(name='RedditClusteringP2P', languages=['eng'])
2025-01-14 16:36:41,508 :: INFO :: ended task RedditClusteringP2P(name='RedditClusteringP2P', languages=['eng'])
2025-01-14 16:36:41,508 :: INFO :: started task SCIDOCS(name='SCIDOCS', languages=['eng'])
2025-01-14 16:37:03,876 :: INFO :: ended task SCIDOCS(name='SCIDOCS', languages=['eng'])
2025-01-14 16:37:03,877 :: INFO :: started task SciDocsReranking(name='SciDocsRR', languages=['eng'])
2025-01-14 16:37:18,559 :: INFO :: ended task SciDocsReranking(name='SciDocsRR', languages=['eng'])
2025-01-14 16:37:18,560 :: INFO :: started task StackExchangeClusteringP2P(name='StackExchangeClusteringP2P', languages=['eng'])
2025-01-14 16:38:42,215 :: INFO :: ended task StackExchangeClusteringP2P(name='StackExchangeClusteringP2P', languages=['eng'])
2025-01-14 16:38:42,215 :: INFO :: started task STS15STS(name='STS15', languages=['eng'])
2025-01-14 16:38:48,196 :: INFO :: ended task STS15STS(name='STS15', languages=['eng'])
2025-01-14 16:38:48,196 :: INFO :: started task STS16STS(name='STS16', languages=['eng'])
2025-01-14 16:38:53,963 :: INFO :: ended task STS16STS(name='STS16', languages=['eng'])
2025-01-14 16:38:53,963 :: INFO :: started task STSBenchmarkSTS(name='STSBenchmark', languages=['eng'])
2025-01-14 16:39:00,016 :: INFO :: ended task STSBenchmarkSTS(name='STSBenchmark', languages=['eng'])
2025-01-14 16:39:00,016 :: INFO :: started task ArguAna(name='ArguAna', languages=['eng'])
2025-01-14 16:39:08,478 :: INFO :: ended task ArguAna(name='ArguAna', languages=['eng'])
2025-01-14 16:39:08,478 :: INFO :: started task ArxivClusteringP2P(name='ArxivClusteringP2P', languages=['eng'])
2025-01-14 16:43:11,559 :: INFO :: ended task ArxivClusteringP2P(name='ArxivClusteringP2P', languages=['eng'])
2025-01-14 16:43:11,559 :: INFO :: started task BiorxivClusteringP2P(name='BiorxivClusteringP2P', languages=['eng'])
2025-01-14 16:43:53,252 :: INFO :: ended task BiorxivClusteringP2P(name='BiorxivClusteringP2P', languages=['eng'])
2025-01-14 16:43:53,252 :: INFO :: started task MedrxivClusteringP2P(name='MedrxivClusteringP2P', languages=['eng'])
2025-01-14 16:44:19,403 :: INFO :: ended task MedrxivClusteringP2P(name='MedrxivClusteringP2P', languages=['eng'])
2025-01-14 16:44:19,403 :: INFO :: started task MindSmallReranking(name='MindSmallReranking', languages=['eng'])
2025-01-14 16:47:21,781 :: INFO :: ended task MindSmallReranking(name='MindSmallReranking', languages=['eng'])
2025-01-14 16:47:21,781 :: INFO :: started task RedditClusteringP2P(name='RedditClusteringP2P', languages=['eng'])
2025-01-14 16:49:39,215 :: INFO :: ended task RedditClusteringP2P(name='RedditClusteringP2P', languages=['eng'])
2025-01-14 16:49:39,215 :: INFO :: started task SCIDOCS(name='SCIDOCS', languages=['eng'])
2025-01-14 16:49:52,574 :: INFO :: ended task SCIDOCS(name='SCIDOCS', languages=['eng'])
2025-01-14 16:49:52,574 :: INFO :: started task SciDocsReranking(name='SciDocsRR', languages=['eng'])
2025-01-14 16:50:00,770 :: INFO :: ended task SciDocsReranking(name='SciDocsRR', languages=['eng'])
2025-01-14 16:50:00,771 :: INFO :: started task StackExchangeClusteringP2P(name='StackExchangeClusteringP2P', languages=['eng'])
2025-01-14 16:51:18,905 :: INFO :: ended task StackExchangeClusteringP2P(name='StackExchangeClusteringP2P', languages=['eng'])
2025-01-14 16:51:18,905 :: INFO :: started task STS15STS(name='STS15', languages=['eng'])
2025-01-14 16:51:19,604 :: INFO :: ended task STS15STS(name='STS15', languages=['eng'])
2025-01-14 16:51:19,604 :: INFO :: started task STS16STS(name='STS16', languages=['eng'])
2025-01-14 16:51:20,074 :: INFO :: ended task STS16STS(name='STS16', languages=['eng'])
2025-01-14 16:51:20,075 :: INFO :: started task STSBenchmarkSTS(name='STSBenchmark', languages=['eng'])
2025-01-14 16:51:20,551 :: INFO :: ended task STSBenchmarkSTS(name='STSBenchmark', languages=['eng'])
2025-01-14 16:51:20,551 :: INFO :: started task ArguAna(name='ArguAna', languages=['eng'])
2025-01-14 16:51:28,288 :: INFO :: ended task ArguAna(name='ArguAna', languages=['eng'])
2025-01-14 16:51:28,289 :: INFO :: started task ArxivClusteringP2P(name='ArxivClusteringP2P', languages=['eng'])
2025-01-14 21:23:47,049 :: INFO :: logger set up successfully
2025-01-14 21:23:47,051 :: INFO :: started task ArguAna(name='ArguAna', languages=['eng'])
2025-01-14 21:23:47,541 :: INFO :: ended task ArguAna(name='ArguAna', languages=['eng'])
2025-01-14 21:23:47,541 :: INFO :: started task ArxivClusteringP2P(name='ArxivClusteringP2P', languages=['eng'])
2025-01-14 21:23:48,099 :: INFO :: ended task ArxivClusteringP2P(name='ArxivClusteringP2P', languages=['eng'])
2025-01-14 21:23:48,099 :: INFO :: started task BiorxivClusteringP2P(name='BiorxivClusteringP2P', languages=['eng'])
2025-01-14 21:23:48,659 :: INFO :: ended task BiorxivClusteringP2P(name='BiorxivClusteringP2P', languages=['eng'])
2025-01-14 21:23:48,659 :: INFO :: started task MedrxivClusteringP2P(name='MedrxivClusteringP2P', languages=['eng'])
2025-01-14 21:23:49,226 :: INFO :: ended task MedrxivClusteringP2P(name='MedrxivClusteringP2P', languages=['eng'])
2025-01-14 21:23:49,226 :: INFO :: started task MindSmallReranking(name='MindSmallReranking', languages=['eng'])
2025-01-14 21:23:49,779 :: INFO :: ended task MindSmallReranking(name='MindSmallReranking', languages=['eng'])
2025-01-14 21:23:49,780 :: INFO :: started task RedditClusteringP2P(name='RedditClusteringP2P', languages=['eng'])
2025-01-14 21:23:50,362 :: INFO :: ended task RedditClusteringP2P(name='RedditClusteringP2P', languages=['eng'])
2025-01-14 21:23:50,362 :: INFO :: started task SCIDOCS(name='SCIDOCS', languages=['eng'])
2025-01-14 21:23:50,999 :: INFO :: ended task SCIDOCS(name='SCIDOCS', languages=['eng'])
2025-01-14 21:23:51,000 :: INFO :: started task SciDocsReranking(name='SciDocsRR', languages=['eng'])
2025-01-14 21:23:51,537 :: INFO :: ended task SciDocsReranking(name='SciDocsRR', languages=['eng'])
2025-01-14 21:23:51,537 :: INFO :: started task StackExchangeClusteringP2P(name='StackExchangeClusteringP2P', languages=['eng'])
2025-01-14 21:23:52,074 :: INFO :: ended task StackExchangeClusteringP2P(name='StackExchangeClusteringP2P', languages=['eng'])
2025-01-14 21:23:52,075 :: INFO :: started task STS15STS(name='STS15', languages=['eng'])
2025-01-14 21:23:52,669 :: INFO :: ended task STS15STS(name='STS15', languages=['eng'])
2025-01-14 21:23:52,669 :: INFO :: started task STS16STS(name='STS16', languages=['eng'])
2025-01-14 21:23:53,102 :: INFO :: ended task STS16STS(name='STS16', languages=['eng'])
2025-01-14 21:23:53,102 :: INFO :: started task STSBenchmarkSTS(name='STSBenchmark', languages=['eng'])
2025-01-14 21:23:53,535 :: INFO :: ended task STSBenchmarkSTS(name='STSBenchmark', languages=['eng'])
2025-01-14 21:23:53,536 :: INFO :: started task ArguAna(name='ArguAna', languages=['eng'])
2025-01-14 21:23:53,971 :: INFO :: ended task ArguAna(name='ArguAna', languages=['eng'])
2025-01-14 21:23:53,971 :: INFO :: started task ArxivClusteringP2P(name='ArxivClusteringP2P', languages=['eng'])
2025-01-14 21:23:54,417 :: INFO :: ended task ArxivClusteringP2P(name='ArxivClusteringP2P', languages=['eng'])
2025-01-14 21:23:54,417 :: INFO :: started task BiorxivClusteringP2P(name='BiorxivClusteringP2P', languages=['eng'])
2025-01-14 21:23:54,826 :: INFO :: ended task BiorxivClusteringP2P(name='BiorxivClusteringP2P', languages=['eng'])
2025-01-14 21:23:54,826 :: INFO :: started task MedrxivClusteringP2P(name='MedrxivClusteringP2P', languages=['eng'])
2025-01-14 21:23:55,467 :: INFO :: ended task MedrxivClusteringP2P(name='MedrxivClusteringP2P', languages=['eng'])
2025-01-14 21:23:55,467 :: INFO :: started task MindSmallReranking(name='MindSmallReranking', languages=['eng'])
2025-01-14 21:23:56,054 :: INFO :: ended task MindSmallReranking(name='MindSmallReranking', languages=['eng'])
2025-01-14 21:23:56,054 :: INFO :: started task RedditClusteringP2P(name='RedditClusteringP2P', languages=['eng'])
2025-01-14 21:23:56,617 :: INFO :: ended task RedditClusteringP2P(name='RedditClusteringP2P', languages=['eng'])
2025-01-14 21:23:56,617 :: INFO :: started task SCIDOCS(name='SCIDOCS', languages=['eng'])
2025-01-14 21:23:57,186 :: INFO :: ended task SCIDOCS(name='SCIDOCS', languages=['eng'])
2025-01-14 21:23:57,186 :: INFO :: started task SciDocsReranking(name='SciDocsRR', languages=['eng'])
2025-01-14 21:23:57,861 :: INFO :: ended task SciDocsReranking(name='SciDocsRR', languages=['eng'])
2025-01-14 21:23:57,861 :: INFO :: started task StackExchangeClusteringP2P(name='StackExchangeClusteringP2P', languages=['eng'])
2025-01-14 21:23:58,251 :: INFO :: ended task StackExchangeClusteringP2P(name='StackExchangeClusteringP2P', languages=['eng'])
2025-01-14 21:23:58,251 :: INFO :: started task STS15STS(name='STS15', languages=['eng'])
2025-01-14 21:23:58,643 :: INFO :: ended task STS15STS(name='STS15', languages=['eng'])
2025-01-14 21:23:58,643 :: INFO :: started task STS16STS(name='STS16', languages=['eng'])
2025-01-14 21:23:59,010 :: INFO :: ended task STS16STS(name='STS16', languages=['eng'])
2025-01-14 21:23:59,010 :: INFO :: started task STSBenchmarkSTS(name='STSBenchmark', languages=['eng'])
2025-01-14 21:23:59,388 :: INFO :: ended task STSBenchmarkSTS(name='STSBenchmark', languages=['eng'])
2025-01-14 21:23:59,388 :: INFO :: started task ArguAna(name='ArguAna', languages=['eng'])
2025-01-14 21:23:59,780 :: INFO :: ended task ArguAna(name='ArguAna', languages=['eng'])
2025-01-14 21:23:59,780 :: INFO :: started task ArxivClusteringP2P(name='ArxivClusteringP2P', languages=['eng'])
2025-01-14 21:28:03,013 :: INFO :: ended task ArxivClusteringP2P(name='ArxivClusteringP2P', languages=['eng'])
2025-01-14 21:28:03,013 :: INFO :: started task BiorxivClusteringP2P(name='BiorxivClusteringP2P', languages=['eng'])
2025-01-14 21:28:46,933 :: INFO :: ended task BiorxivClusteringP2P(name='BiorxivClusteringP2P', languages=['eng'])
2025-01-14 21:28:46,933 :: INFO :: started task MedrxivClusteringP2P(name='MedrxivClusteringP2P', languages=['eng'])
2025-01-14 21:29:17,051 :: INFO :: ended task MedrxivClusteringP2P(name='MedrxivClusteringP2P', languages=['eng'])
2025-01-14 21:29:17,052 :: INFO :: started task MindSmallReranking(name='MindSmallReranking', languages=['eng'])
2025-01-14 21:32:12,335 :: INFO :: ended task MindSmallReranking(name='MindSmallReranking', languages=['eng'])
2025-01-14 21:32:12,335 :: INFO :: started task RedditClusteringP2P(name='RedditClusteringP2P', languages=['eng'])
2025-01-14 21:34:25,893 :: INFO :: ended task RedditClusteringP2P(name='RedditClusteringP2P', languages=['eng'])
2025-01-14 21:34:25,894 :: INFO :: started task SCIDOCS(name='SCIDOCS', languages=['eng'])
2025-01-14 21:34:46,093 :: INFO :: ended task SCIDOCS(name='SCIDOCS', languages=['eng'])
2025-01-14 21:34:46,093 :: INFO :: started task SciDocsReranking(name='SciDocsRR', languages=['eng'])
2025-01-14 21:34:59,647 :: INFO :: ended task SciDocsReranking(name='SciDocsRR', languages=['eng'])
2025-01-14 21:34:59,647 :: INFO :: started task StackExchangeClusteringP2P(name='StackExchangeClusteringP2P', languages=['eng'])
2025-01-14 21:36:17,702 :: INFO :: ended task StackExchangeClusteringP2P(name='StackExchangeClusteringP2P', languages=['eng'])
2025-01-14 21:36:17,702 :: INFO :: started task STS15STS(name='STS15', languages=['eng'])
2025-01-14 21:36:23,264 :: INFO :: ended task STS15STS(name='STS15', languages=['eng'])
2025-01-14 21:36:23,264 :: INFO :: started task STS16STS(name='STS16', languages=['eng'])
2025-01-14 21:36:28,769 :: INFO :: ended task STS16STS(name='STS16', languages=['eng'])
2025-01-14 21:36:28,769 :: INFO :: started task STSBenchmarkSTS(name='STSBenchmark', languages=['eng'])
2025-01-14 21:36:34,501 :: INFO :: ended task STSBenchmarkSTS(name='STSBenchmark', languages=['eng'])
2025-01-14 21:36:34,502 :: INFO :: started task ArguAna(name='ArguAna', languages=['eng'])
2025-01-14 21:36:47,474 :: INFO :: ended task ArguAna(name='ArguAna', languages=['eng'])
2025-01-14 21:36:47,474 :: INFO :: started task ArxivClusteringP2P(name='ArxivClusteringP2P', languages=['eng'])
2025-01-14 21:40:10,572 :: INFO :: ended task ArxivClusteringP2P(name='ArxivClusteringP2P', languages=['eng'])
2025-01-14 21:40:10,572 :: INFO :: started task BiorxivClusteringP2P(name='BiorxivClusteringP2P', languages=['eng'])
2025-01-14 21:40:46,695 :: INFO :: ended task BiorxivClusteringP2P(name='BiorxivClusteringP2P', languages=['eng'])
2025-01-14 21:40:46,695 :: INFO :: started task MedrxivClusteringP2P(name='MedrxivClusteringP2P', languages=['eng'])
2025-01-14 21:41:10,815 :: INFO :: ended task MedrxivClusteringP2P(name='MedrxivClusteringP2P', languages=['eng'])
2025-01-14 21:41:10,815 :: INFO :: started task MindSmallReranking(name='MindSmallReranking', languages=['eng'])
2025-01-14 21:43:55,534 :: INFO :: ended task MindSmallReranking(name='MindSmallReranking', languages=['eng'])
2025-01-14 21:43:55,534 :: INFO :: started task RedditClusteringP2P(name='RedditClusteringP2P', languages=['eng'])
2025-01-14 21:45:56,538 :: INFO :: ended task RedditClusteringP2P(name='RedditClusteringP2P', languages=['eng'])
2025-01-14 21:45:56,539 :: INFO :: started task SCIDOCS(name='SCIDOCS', languages=['eng'])
2025-01-14 21:46:08,249 :: INFO :: ended task SCIDOCS(name='SCIDOCS', languages=['eng'])
2025-01-14 21:46:08,249 :: INFO :: started task SciDocsReranking(name='SciDocsRR', languages=['eng'])
2025-01-14 22:38:57,313 :: INFO :: logger set up successfully
2025-01-14 22:38:57,315 :: INFO :: started task ArguAna(name='ArguAna', languages=['eng'])
2025-01-14 22:38:57,804 :: INFO :: ended task ArguAna(name='ArguAna', languages=['eng'])
2025-01-14 22:38:57,804 :: INFO :: started task ArxivClusteringP2P(name='ArxivClusteringP2P', languages=['eng'])
2025-01-14 22:38:58,286 :: INFO :: ended task ArxivClusteringP2P(name='ArxivClusteringP2P', languages=['eng'])
2025-01-14 22:38:58,287 :: INFO :: started task BiorxivClusteringP2P(name='BiorxivClusteringP2P', languages=['eng'])
2025-01-14 22:38:58,780 :: INFO :: ended task BiorxivClusteringP2P(name='BiorxivClusteringP2P', languages=['eng'])
2025-01-14 22:38:58,780 :: INFO :: started task MedrxivClusteringP2P(name='MedrxivClusteringP2P', languages=['eng'])
2025-01-14 22:38:59,259 :: INFO :: ended task MedrxivClusteringP2P(name='MedrxivClusteringP2P', languages=['eng'])
2025-01-14 22:38:59,259 :: INFO :: started task MindSmallReranking(name='MindSmallReranking', languages=['eng'])
2025-01-14 22:38:59,831 :: INFO :: ended task MindSmallReranking(name='MindSmallReranking', languages=['eng'])
2025-01-14 22:38:59,831 :: INFO :: started task RedditClusteringP2P(name='RedditClusteringP2P', languages=['eng'])
2025-01-14 22:39:00,357 :: INFO :: ended task RedditClusteringP2P(name='RedditClusteringP2P', languages=['eng'])
2025-01-14 22:39:00,357 :: INFO :: started task SCIDOCS(name='SCIDOCS', languages=['eng'])
2025-01-14 22:39:00,799 :: INFO :: ended task SCIDOCS(name='SCIDOCS', languages=['eng'])
2025-01-14 22:39:00,799 :: INFO :: started task SciDocsReranking(name='SciDocsRR', languages=['eng'])
2025-01-14 22:39:01,279 :: INFO :: ended task SciDocsReranking(name='SciDocsRR', languages=['eng'])
2025-01-14 22:39:01,279 :: INFO :: started task StackExchangeClusteringP2P(name='StackExchangeClusteringP2P', languages=['eng'])
2025-01-14 22:39:01,701 :: INFO :: ended task StackExchangeClusteringP2P(name='StackExchangeClusteringP2P', languages=['eng'])
2025-01-14 22:39:01,701 :: INFO :: started task STS15STS(name='STS15', languages=['eng'])
2025-01-14 22:39:02,123 :: INFO :: ended task STS15STS(name='STS15', languages=['eng'])
2025-01-14 22:39:02,124 :: INFO :: started task STS16STS(name='STS16', languages=['eng'])
2025-01-14 22:39:02,572 :: INFO :: ended task STS16STS(name='STS16', languages=['eng'])
2025-01-14 22:39:02,572 :: INFO :: started task STSBenchmarkSTS(name='STSBenchmark', languages=['eng'])
2025-01-14 22:39:02,964 :: INFO :: ended task STSBenchmarkSTS(name='STSBenchmark', languages=['eng'])
2025-01-14 22:39:02,965 :: INFO :: started task ArguAna(name='ArguAna', languages=['eng'])
2025-01-14 22:39:03,387 :: INFO :: ended task ArguAna(name='ArguAna', languages=['eng'])
2025-01-14 22:39:03,387 :: INFO :: started task ArxivClusteringP2P(name='ArxivClusteringP2P', languages=['eng'])
2025-01-14 22:39:03,824 :: INFO :: ended task ArxivClusteringP2P(name='ArxivClusteringP2P', languages=['eng'])
2025-01-14 22:39:03,824 :: INFO :: started task BiorxivClusteringP2P(name='BiorxivClusteringP2P', languages=['eng'])
2025-01-14 22:39:04,259 :: INFO :: ended task BiorxivClusteringP2P(name='BiorxivClusteringP2P', languages=['eng'])
2025-01-14 22:39:04,259 :: INFO :: started task MedrxivClusteringP2P(name='MedrxivClusteringP2P', languages=['eng'])
2025-01-14 22:39:04,860 :: INFO :: ended task MedrxivClusteringP2P(name='MedrxivClusteringP2P', languages=['eng'])
2025-01-14 22:39:04,860 :: INFO :: started task MindSmallReranking(name='MindSmallReranking', languages=['eng'])
2025-01-14 22:39:05,389 :: INFO :: ended task MindSmallReranking(name='MindSmallReranking', languages=['eng'])
2025-01-14 22:39:05,389 :: INFO :: started task RedditClusteringP2P(name='RedditClusteringP2P', languages=['eng'])
2025-01-14 22:39:05,918 :: INFO :: ended task RedditClusteringP2P(name='RedditClusteringP2P', languages=['eng'])
2025-01-14 22:39:05,918 :: INFO :: started task SCIDOCS(name='SCIDOCS', languages=['eng'])
2025-01-14 22:39:06,449 :: INFO :: ended task SCIDOCS(name='SCIDOCS', languages=['eng'])
2025-01-14 22:39:06,449 :: INFO :: started task SciDocsReranking(name='SciDocsRR', languages=['eng'])
2025-01-14 22:39:06,977 :: INFO :: ended task SciDocsReranking(name='SciDocsRR', languages=['eng'])
2025-01-14 22:39:06,977 :: INFO :: started task StackExchangeClusteringP2P(name='StackExchangeClusteringP2P', languages=['eng'])
2025-01-14 22:39:07,591 :: INFO :: ended task StackExchangeClusteringP2P(name='StackExchangeClusteringP2P', languages=['eng'])
2025-01-14 22:39:07,591 :: INFO :: started task STS15STS(name='STS15', languages=['eng'])
2025-01-14 22:39:08,064 :: INFO :: ended task STS15STS(name='STS15', languages=['eng'])
2025-01-14 22:39:08,064 :: INFO :: started task STS16STS(name='STS16', languages=['eng'])
2025-01-14 22:39:08,475 :: INFO :: ended task STS16STS(name='STS16', languages=['eng'])
2025-01-14 22:39:08,476 :: INFO :: started task STSBenchmarkSTS(name='STSBenchmark', languages=['eng'])
2025-01-14 22:39:08,882 :: INFO :: ended task STSBenchmarkSTS(name='STSBenchmark', languages=['eng'])
2025-01-14 22:39:08,882 :: INFO :: started task ArguAna(name='ArguAna', languages=['eng'])
2025-01-14 22:39:09,306 :: INFO :: ended task ArguAna(name='ArguAna', languages=['eng'])
2025-01-14 22:39:09,306 :: INFO :: started task ArxivClusteringP2P(name='ArxivClusteringP2P', languages=['eng'])
2025-01-14 22:39:09,687 :: INFO :: ended task ArxivClusteringP2P(name='ArxivClusteringP2P', languages=['eng'])
2025-01-14 22:39:09,687 :: INFO :: started task BiorxivClusteringP2P(name='BiorxivClusteringP2P', languages=['eng'])
2025-01-14 22:39:10,078 :: INFO :: ended task BiorxivClusteringP2P(name='BiorxivClusteringP2P', languages=['eng'])
2025-01-14 22:39:10,078 :: INFO :: started task MedrxivClusteringP2P(name='MedrxivClusteringP2P', languages=['eng'])
2025-01-14 22:39:10,508 :: INFO :: ended task MedrxivClusteringP2P(name='MedrxivClusteringP2P', languages=['eng'])
2025-01-14 22:39:10,508 :: INFO :: started task MindSmallReranking(name='MindSmallReranking', languages=['eng'])
2025-01-14 22:39:10,923 :: INFO :: ended task MindSmallReranking(name='MindSmallReranking', languages=['eng'])
2025-01-14 22:39:10,923 :: INFO :: started task RedditClusteringP2P(name='RedditClusteringP2P', languages=['eng'])
2025-01-14 22:39:11,333 :: INFO :: ended task RedditClusteringP2P(name='RedditClusteringP2P', languages=['eng'])
2025-01-14 22:39:11,334 :: INFO :: started task SCIDOCS(name='SCIDOCS', languages=['eng'])
2025-01-14 22:39:11,741 :: INFO :: ended task SCIDOCS(name='SCIDOCS', languages=['eng'])
2025-01-14 22:39:11,741 :: INFO :: started task SciDocsReranking(name='SciDocsRR', languages=['eng'])
2025-01-14 22:39:12,128 :: INFO :: ended task SciDocsReranking(name='SciDocsRR', languages=['eng'])
2025-01-14 22:39:12,128 :: INFO :: started task StackExchangeClusteringP2P(name='StackExchangeClusteringP2P', languages=['eng'])
2025-01-14 22:39:12,560 :: INFO :: ended task StackExchangeClusteringP2P(name='StackExchangeClusteringP2P', languages=['eng'])
2025-01-14 22:39:12,560 :: INFO :: started task STS15STS(name='STS15', languages=['eng'])
2025-01-14 22:39:12,942 :: INFO :: ended task STS15STS(name='STS15', languages=['eng'])
2025-01-14 22:39:12,942 :: INFO :: started task STS16STS(name='STS16', languages=['eng'])
2025-01-14 22:39:13,345 :: INFO :: ended task STS16STS(name='STS16', languages=['eng'])
2025-01-14 22:39:13,345 :: INFO :: started task STSBenchmarkSTS(name='STSBenchmark', languages=['eng'])
2025-01-14 22:39:13,707 :: INFO :: ended task STSBenchmarkSTS(name='STSBenchmark', languages=['eng'])
2025-01-14 22:39:13,708 :: INFO :: started task ArguAna(name='ArguAna', languages=['eng'])
2025-01-14 22:39:14,070 :: INFO :: ended task ArguAna(name='ArguAna', languages=['eng'])
2025-01-14 22:39:14,070 :: INFO :: started task ArxivClusteringP2P(name='ArxivClusteringP2P', languages=['eng'])
2025-01-14 22:39:14,440 :: INFO :: ended task ArxivClusteringP2P(name='ArxivClusteringP2P', languages=['eng'])
2025-01-14 22:39:14,441 :: INFO :: started task BiorxivClusteringP2P(name='BiorxivClusteringP2P', languages=['eng'])
2025-01-14 22:39:14,803 :: INFO :: ended task BiorxivClusteringP2P(name='BiorxivClusteringP2P', languages=['eng'])
2025-01-14 22:39:14,803 :: INFO :: started task MedrxivClusteringP2P(name='MedrxivClusteringP2P', languages=['eng'])
2025-01-14 22:39:15,165 :: INFO :: ended task MedrxivClusteringP2P(name='MedrxivClusteringP2P', languages=['eng'])
2025-01-14 22:39:15,165 :: INFO :: started task MindSmallReranking(name='MindSmallReranking', languages=['eng'])
2025-01-14 22:39:15,527 :: INFO :: ended task MindSmallReranking(name='MindSmallReranking', languages=['eng'])
2025-01-14 22:39:15,527 :: INFO :: started task RedditClusteringP2P(name='RedditClusteringP2P', languages=['eng'])
2025-01-14 22:39:15,913 :: INFO :: ended task RedditClusteringP2P(name='RedditClusteringP2P', languages=['eng'])
2025-01-14 22:39:15,913 :: INFO :: started task SCIDOCS(name='SCIDOCS', languages=['eng'])
2025-01-14 22:39:16,275 :: INFO :: ended task SCIDOCS(name='SCIDOCS', languages=['eng'])
2025-01-14 22:39:16,275 :: INFO :: started task SciDocsReranking(name='SciDocsRR', languages=['eng'])
2025-01-14 22:39:16,636 :: INFO :: ended task SciDocsReranking(name='SciDocsRR', languages=['eng'])
2025-01-14 22:39:16,636 :: INFO :: started task StackExchangeClusteringP2P(name='StackExchangeClusteringP2P', languages=['eng'])
2025-01-14 22:40:25,206 :: INFO :: ended task StackExchangeClusteringP2P(name='StackExchangeClusteringP2P', languages=['eng'])
2025-01-14 22:40:25,206 :: INFO :: started task STS15STS(name='STS15', languages=['eng'])
2025-01-14 22:40:30,560 :: INFO :: ended task STS15STS(name='STS15', languages=['eng'])
2025-01-14 22:40:30,560 :: INFO :: started task STS16STS(name='STS16', languages=['eng'])
2025-01-14 22:40:35,544 :: INFO :: ended task STS16STS(name='STS16', languages=['eng'])
2025-01-14 22:40:35,544 :: INFO :: started task STSBenchmarkSTS(name='STSBenchmark', languages=['eng'])
2025-01-14 22:40:40,799 :: INFO :: ended task STSBenchmarkSTS(name='STSBenchmark', languages=['eng'])
2025-01-14 22:40:40,799 :: INFO :: started task ArguAna(name='ArguAna', languages=['eng'])
2025-01-14 22:40:55,001 :: INFO :: ended task ArguAna(name='ArguAna', languages=['eng'])
2025-01-14 22:40:55,001 :: INFO :: started task ArxivClusteringP2P(name='ArxivClusteringP2P', languages=['eng'])
2025-01-14 22:45:09,748 :: INFO :: ended task ArxivClusteringP2P(name='ArxivClusteringP2P', languages=['eng'])
2025-01-14 22:45:09,748 :: INFO :: started task BiorxivClusteringP2P(name='BiorxivClusteringP2P', languages=['eng'])
2025-01-14 22:45:56,362 :: INFO :: ended task BiorxivClusteringP2P(name='BiorxivClusteringP2P', languages=['eng'])
2025-01-14 22:45:56,363 :: INFO :: started task MedrxivClusteringP2P(name='MedrxivClusteringP2P', languages=['eng'])
2025-01-14 22:46:27,755 :: INFO :: ended task MedrxivClusteringP2P(name='MedrxivClusteringP2P', languages=['eng'])
2025-01-14 22:46:27,756 :: INFO :: started task MindSmallReranking(name='MindSmallReranking', languages=['eng'])
2025-01-14 22:50:32,188 :: INFO :: ended task MindSmallReranking(name='MindSmallReranking', languages=['eng'])
2025-01-14 22:50:32,188 :: INFO :: started task RedditClusteringP2P(name='RedditClusteringP2P', languages=['eng'])
2025-01-14 22:52:55,348 :: INFO :: ended task RedditClusteringP2P(name='RedditClusteringP2P', languages=['eng'])
2025-01-14 22:52:55,348 :: INFO :: started task SCIDOCS(name='SCIDOCS', languages=['eng'])
2025-01-14 22:53:16,992 :: INFO :: ended task SCIDOCS(name='SCIDOCS', languages=['eng'])
2025-01-14 22:53:16,992 :: INFO :: started task SciDocsReranking(name='SciDocsRR', languages=['eng'])
2025-01-14 22:53:31,133 :: INFO :: ended task SciDocsReranking(name='SciDocsRR', languages=['eng'])
2025-01-14 22:53:31,134 :: INFO :: started task StackExchangeClusteringP2P(name='StackExchangeClusteringP2P', languages=['eng'])
2025-01-14 22:54:44,086 :: INFO :: ended task StackExchangeClusteringP2P(name='StackExchangeClusteringP2P', languages=['eng'])
2025-01-14 22:54:44,087 :: INFO :: started task STS15STS(name='STS15', languages=['eng'])
2025-01-14 22:54:45,608 :: INFO :: ended task STS15STS(name='STS15', languages=['eng'])
2025-01-14 22:54:45,608 :: INFO :: started task STS16STS(name='STS16', languages=['eng'])
2025-01-14 22:54:46,560 :: INFO :: ended task STS16STS(name='STS16', languages=['eng'])
2025-01-14 22:54:46,560 :: INFO :: started task STSBenchmarkSTS(name='STSBenchmark', languages=['eng'])
2025-01-14 22:54:47,598 :: INFO :: ended task STSBenchmarkSTS(name='STSBenchmark', languages=['eng'])
2025-01-14 22:54:47,598 :: INFO :: started task ArguAna(name='ArguAna', languages=['eng'])
2025-01-14 22:54:55,962 :: INFO :: ended task ArguAna(name='ArguAna', languages=['eng'])
2025-01-14 22:54:55,963 :: INFO :: started task ArxivClusteringP2P(name='ArxivClusteringP2P', languages=['eng'])
2025-01-14 22:58:53,728 :: INFO :: ended task ArxivClusteringP2P(name='ArxivClusteringP2P', languages=['eng'])
2025-01-14 22:58:53,728 :: INFO :: started task BiorxivClusteringP2P(name='BiorxivClusteringP2P', languages=['eng'])
2025-01-14 22:59:33,468 :: INFO :: ended task BiorxivClusteringP2P(name='BiorxivClusteringP2P', languages=['eng'])
2025-01-14 22:59:33,468 :: INFO :: started task MedrxivClusteringP2P(name='MedrxivClusteringP2P', languages=['eng'])
2025-01-14 22:59:59,773 :: INFO :: ended task MedrxivClusteringP2P(name='MedrxivClusteringP2P', languages=['eng'])
2025-01-14 22:59:59,774 :: INFO :: started task MindSmallReranking(name='MindSmallReranking', languages=['eng'])
2025-01-14 23:02:56,251 :: INFO :: ended task MindSmallReranking(name='MindSmallReranking', languages=['eng'])
2025-01-14 23:02:56,251 :: INFO :: started task RedditClusteringP2P(name='RedditClusteringP2P', languages=['eng'])
2025-01-14 23:05:10,628 :: INFO :: ended task RedditClusteringP2P(name='RedditClusteringP2P', languages=['eng'])
2025-01-14 23:05:10,628 :: INFO :: started task SCIDOCS(name='SCIDOCS', languages=['eng'])
2025-01-14 23:05:23,578 :: INFO :: ended task SCIDOCS(name='SCIDOCS', languages=['eng'])
2025-01-14 23:05:23,578 :: INFO :: started task SciDocsReranking(name='SciDocsRR', languages=['eng'])
2025-01-14 23:05:31,170 :: INFO :: ended task SciDocsReranking(name='SciDocsRR', languages=['eng'])
2025-01-14 23:05:31,170 :: INFO :: started task StackExchangeClusteringP2P(name='StackExchangeClusteringP2P', languages=['eng'])
2025-01-14 23:06:42,326 :: INFO :: ended task StackExchangeClusteringP2P(name='StackExchangeClusteringP2P', languages=['eng'])
2025-01-14 23:06:42,326 :: INFO :: started task STS15STS(name='STS15', languages=['eng'])
2025-01-14 23:06:42,999 :: INFO :: ended task STS15STS(name='STS15', languages=['eng'])
2025-01-14 23:06:42,999 :: INFO :: started task STS16STS(name='STS16', languages=['eng'])
2025-01-14 23:06:43,472 :: INFO :: ended task STS16STS(name='STS16', languages=['eng'])
2025-01-14 23:06:43,473 :: INFO :: started task STSBenchmarkSTS(name='STSBenchmark', languages=['eng'])
2025-01-14 23:06:43,955 :: INFO :: ended task STSBenchmarkSTS(name='STSBenchmark', languages=['eng'])
2025-01-14 23:06:43,955 :: INFO :: started task ArguAna(name='ArguAna', languages=['eng'])
2025-01-14 23:06:51,864 :: INFO :: ended task ArguAna(name='ArguAna', languages=['eng'])
2025-01-14 23:06:51,864 :: INFO :: started task ArxivClusteringP2P(name='ArxivClusteringP2P', languages=['eng'])
2025-01-14 23:10:42,736 :: INFO :: ended task ArxivClusteringP2P(name='ArxivClusteringP2P', languages=['eng'])
2025-01-14 23:10:42,736 :: INFO :: started task BiorxivClusteringP2P(name='BiorxivClusteringP2P', languages=['eng'])
2025-01-14 23:11:20,798 :: INFO :: ended task BiorxivClusteringP2P(name='BiorxivClusteringP2P', languages=['eng'])
2025-01-14 23:11:20,798 :: INFO :: started task MedrxivClusteringP2P(name='MedrxivClusteringP2P', languages=['eng'])
2025-01-14 23:11:44,776 :: INFO :: ended task MedrxivClusteringP2P(name='MedrxivClusteringP2P', languages=['eng'])
2025-01-14 23:11:44,777 :: INFO :: started task MindSmallReranking(name='MindSmallReranking', languages=['eng'])
2025-01-14 23:14:29,341 :: INFO :: ended task MindSmallReranking(name='MindSmallReranking', languages=['eng'])
2025-01-14 23:14:29,341 :: INFO :: started task RedditClusteringP2P(name='RedditClusteringP2P', languages=['eng'])
2025-01-14 23:16:37,039 :: INFO :: ended task RedditClusteringP2P(name='RedditClusteringP2P', languages=['eng'])
2025-01-14 23:16:37,039 :: INFO :: started task SCIDOCS(name='SCIDOCS', languages=['eng'])
2025-01-14 23:16:49,014 :: INFO :: ended task SCIDOCS(name='SCIDOCS', languages=['eng'])
2025-01-14 23:16:49,014 :: INFO :: started task SciDocsReranking(name='SciDocsRR', languages=['eng'])
2025-01-14 23:16:56,654 :: INFO :: ended task SciDocsReranking(name='SciDocsRR', languages=['eng'])
2025-01-14 23:16:56,654 :: INFO :: started task StackExchangeClusteringP2P(name='StackExchangeClusteringP2P', languages=['eng'])
2025-01-14 23:18:12,020 :: INFO :: ended task StackExchangeClusteringP2P(name='StackExchangeClusteringP2P', languages=['eng'])
2025-01-14 23:18:12,021 :: INFO :: started task STS15STS(name='STS15', languages=['eng'])
2025-01-14 23:18:12,697 :: INFO :: ended task STS15STS(name='STS15', languages=['eng'])
2025-01-14 23:18:12,697 :: INFO :: started task STS16STS(name='STS16', languages=['eng'])
2025-01-14 23:18:13,164 :: INFO :: ended task STS16STS(name='STS16', languages=['eng'])
2025-01-14 23:18:13,164 :: INFO :: started task STSBenchmarkSTS(name='STSBenchmark', languages=['eng'])
2025-01-14 23:18:13,639 :: INFO :: ended task STSBenchmarkSTS(name='STSBenchmark', languages=['eng'])
2025-01-14 23:18:13,639 :: INFO :: started task ArguAna(name='ArguAna', languages=['eng'])
2025-01-14 23:18:21,644 :: INFO :: ended task ArguAna(name='ArguAna', languages=['eng'])
2025-01-14 23:18:21,644 :: INFO :: started task ArxivClusteringP2P(name='ArxivClusteringP2P', languages=['eng'])
2025-01-14 23:22:24,398 :: INFO :: ended task ArxivClusteringP2P(name='ArxivClusteringP2P', languages=['eng'])
2025-01-14 23:22:24,398 :: INFO :: started task BiorxivClusteringP2P(name='BiorxivClusteringP2P', languages=['eng'])
2025-01-14 23:23:03,930 :: INFO :: ended task BiorxivClusteringP2P(name='BiorxivClusteringP2P', languages=['eng'])
2025-01-14 23:23:03,930 :: INFO :: started task MedrxivClusteringP2P(name='MedrxivClusteringP2P', languages=['eng'])
2025-01-14 23:23:29,146 :: INFO :: ended task MedrxivClusteringP2P(name='MedrxivClusteringP2P', languages=['eng'])
2025-01-14 23:23:29,146 :: INFO :: started task MindSmallReranking(name='MindSmallReranking', languages=['eng'])
2025-01-14 23:27:30,448 :: INFO :: ended task MindSmallReranking(name='MindSmallReranking', languages=['eng'])
2025-01-14 23:27:30,448 :: INFO :: started task RedditClusteringP2P(name='RedditClusteringP2P', languages=['eng'])
2025-01-14 23:29:47,104 :: INFO :: ended task RedditClusteringP2P(name='RedditClusteringP2P', languages=['eng'])
2025-01-14 23:29:47,104 :: INFO :: started task SCIDOCS(name='SCIDOCS', languages=['eng'])
2025-01-14 23:29:59,703 :: INFO :: ended task SCIDOCS(name='SCIDOCS', languages=['eng'])
2025-01-14 23:29:59,703 :: INFO :: started task SciDocsReranking(name='SciDocsRR', languages=['eng'])
2025-01-14 23:30:07,400 :: INFO :: ended task SciDocsReranking(name='SciDocsRR', languages=['eng'])
2025-01-14 23:30:07,401 :: INFO :: started task StackExchangeClusteringP2P(name='StackExchangeClusteringP2P', languages=['eng'])
2025-01-14 23:31:19,731 :: INFO :: ended task StackExchangeClusteringP2P(name='StackExchangeClusteringP2P', languages=['eng'])
2025-01-14 23:31:19,732 :: INFO :: started task STS15STS(name='STS15', languages=['eng'])
2025-01-14 23:31:20,961 :: INFO :: ended task STS15STS(name='STS15', languages=['eng'])
2025-01-14 23:31:20,961 :: INFO :: started task STS16STS(name='STS16', languages=['eng'])
2025-01-14 23:31:22,088 :: INFO :: ended task STS16STS(name='STS16', languages=['eng'])
2025-01-14 23:31:22,088 :: INFO :: started task STSBenchmarkSTS(name='STSBenchmark', languages=['eng'])
2025-01-14 23:31:22,597 :: INFO :: ended task STSBenchmarkSTS(name='STSBenchmark', languages=['eng'])
2025-01-14 23:31:22,598 :: INFO :: started task ArguAna(name='ArguAna', languages=['eng'])
2025-01-14 23:31:30,727 :: INFO :: ended task ArguAna(name='ArguAna', languages=['eng'])
2025-01-14 23:31:30,727 :: INFO :: started task ArxivClusteringP2P(name='ArxivClusteringP2P', languages=['eng'])
2025-01-14 23:35:26,179 :: INFO :: ended task ArxivClusteringP2P(name='ArxivClusteringP2P', languages=['eng'])
2025-01-14 23:35:26,180 :: INFO :: started task BiorxivClusteringP2P(name='BiorxivClusteringP2P', languages=['eng'])
2025-01-14 23:36:05,438 :: INFO :: ended task BiorxivClusteringP2P(name='BiorxivClusteringP2P', languages=['eng'])
2025-01-14 23:36:05,439 :: INFO :: started task MedrxivClusteringP2P(name='MedrxivClusteringP2P', languages=['eng'])
2025-01-14 23:36:30,185 :: INFO :: ended task MedrxivClusteringP2P(name='MedrxivClusteringP2P', languages=['eng'])
2025-01-14 23:36:30,185 :: INFO :: started task MindSmallReranking(name='MindSmallReranking', languages=['eng'])
2025-01-14 23:39:28,000 :: INFO :: ended task MindSmallReranking(name='MindSmallReranking', languages=['eng'])
2025-01-14 23:39:28,000 :: INFO :: started task RedditClusteringP2P(name='RedditClusteringP2P', languages=['eng'])
2025-01-14 23:41:41,377 :: INFO :: ended task RedditClusteringP2P(name='RedditClusteringP2P', languages=['eng'])
2025-01-14 23:41:41,377 :: INFO :: started task SCIDOCS(name='SCIDOCS', languages=['eng'])
2025-01-14 23:41:53,888 :: INFO :: ended task SCIDOCS(name='SCIDOCS', languages=['eng'])
2025-01-14 23:41:53,888 :: INFO :: started task SciDocsReranking(name='SciDocsRR', languages=['eng'])
2025-01-14 23:42:01,579 :: INFO :: ended task SciDocsReranking(name='SciDocsRR', languages=['eng'])
2025-01-14 23:42:01,579 :: INFO :: started task StackExchangeClusteringP2P(name='StackExchangeClusteringP2P', languages=['eng'])
2025-01-14 23:43:17,579 :: INFO :: ended task StackExchangeClusteringP2P(name='StackExchangeClusteringP2P', languages=['eng'])
2025-01-14 23:43:17,579 :: INFO :: started task STS15STS(name='STS15', languages=['eng'])
2025-01-14 23:43:18,250 :: INFO :: ended task STS15STS(name='STS15', languages=['eng'])
2025-01-14 23:43:18,250 :: INFO :: started task STS16STS(name='STS16', languages=['eng'])
2025-01-14 23:43:18,719 :: INFO :: ended task STS16STS(name='STS16', languages=['eng'])
2025-01-14 23:43:18,720 :: INFO :: started task STSBenchmarkSTS(name='STSBenchmark', languages=['eng'])
2025-01-14 23:43:19,195 :: INFO :: ended task STSBenchmarkSTS(name='STSBenchmark', languages=['eng'])
2025-01-14 23:43:19,196 :: INFO :: started task ArguAna(name='ArguAna', languages=['eng'])
2025-01-14 23:43:19,557 :: INFO :: ended task ArguAna(name='ArguAna', languages=['eng'])
2025-01-14 23:43:19,557 :: INFO :: started task ArxivClusteringP2P(name='ArxivClusteringP2P', languages=['eng'])
2025-01-14 23:43:19,920 :: INFO :: ended task ArxivClusteringP2P(name='ArxivClusteringP2P', languages=['eng'])
2025-01-14 23:43:19,920 :: INFO :: started task BiorxivClusteringP2P(name='BiorxivClusteringP2P', languages=['eng'])
2025-01-14 23:43:20,281 :: INFO :: ended task BiorxivClusteringP2P(name='BiorxivClusteringP2P', languages=['eng'])
2025-01-14 23:43:20,281 :: INFO :: started task MedrxivClusteringP2P(name='MedrxivClusteringP2P', languages=['eng'])
2025-01-14 23:43:20,642 :: INFO :: ended task MedrxivClusteringP2P(name='MedrxivClusteringP2P', languages=['eng'])
2025-01-14 23:43:20,642 :: INFO :: started task MindSmallReranking(name='MindSmallReranking', languages=['eng'])
2025-01-14 23:43:21,002 :: INFO :: ended task MindSmallReranking(name='MindSmallReranking', languages=['eng'])
2025-01-14 23:43:21,003 :: INFO :: started task RedditClusteringP2P(name='RedditClusteringP2P', languages=['eng'])
2025-01-14 23:43:21,363 :: INFO :: ended task RedditClusteringP2P(name='RedditClusteringP2P', languages=['eng'])
2025-01-14 23:43:21,363 :: INFO :: started task SCIDOCS(name='SCIDOCS', languages=['eng'])
2025-01-14 23:43:21,754 :: INFO :: ended task SCIDOCS(name='SCIDOCS', languages=['eng'])
2025-01-14 23:43:21,754 :: INFO :: started task SciDocsReranking(name='SciDocsRR', languages=['eng'])
2025-01-14 23:43:22,115 :: INFO :: ended task SciDocsReranking(name='SciDocsRR', languages=['eng'])
2025-01-14 23:43:22,115 :: INFO :: started task StackExchangeClusteringP2P(name='StackExchangeClusteringP2P', languages=['eng'])
2025-01-14 23:43:22,476 :: INFO :: ended task StackExchangeClusteringP2P(name='StackExchangeClusteringP2P', languages=['eng'])
2025-01-14 23:43:22,476 :: INFO :: started task STS15STS(name='STS15', languages=['eng'])
2025-01-14 23:43:22,850 :: INFO :: ended task STS15STS(name='STS15', languages=['eng'])
2025-01-14 23:43:22,851 :: INFO :: started task STS16STS(name='STS16', languages=['eng'])
2025-01-14 23:43:23,505 :: INFO :: ended task STS16STS(name='STS16', languages=['eng'])
2025-01-14 23:43:23,505 :: INFO :: started task STSBenchmarkSTS(name='STSBenchmark', languages=['eng'])
2025-01-14 23:43:24,140 :: INFO :: ended task STSBenchmarkSTS(name='STSBenchmark', languages=['eng'])
2025-01-14 23:43:24,140 :: INFO :: started task ArguAna(name='ArguAna', languages=['eng'])
2025-01-14 23:43:33,811 :: INFO :: ended task ArguAna(name='ArguAna', languages=['eng'])
2025-01-14 23:43:33,811 :: INFO :: started task ArxivClusteringP2P(name='ArxivClusteringP2P', languages=['eng'])
2025-01-14 23:49:07,586 :: INFO :: ended task ArxivClusteringP2P(name='ArxivClusteringP2P', languages=['eng'])
2025-01-14 23:49:07,586 :: INFO :: started task BiorxivClusteringP2P(name='BiorxivClusteringP2P', languages=['eng'])
2025-01-14 23:50:11,346 :: INFO :: ended task BiorxivClusteringP2P(name='BiorxivClusteringP2P', languages=['eng'])
2025-01-14 23:50:11,347 :: INFO :: started task MedrxivClusteringP2P(name='MedrxivClusteringP2P', languages=['eng'])
2025-01-14 23:50:45,203 :: INFO :: ended task MedrxivClusteringP2P(name='MedrxivClusteringP2P', languages=['eng'])
2025-01-14 23:50:45,203 :: INFO :: started task MindSmallReranking(name='MindSmallReranking', languages=['eng'])
2025-01-14 23:55:19,655 :: INFO :: ended task MindSmallReranking(name='MindSmallReranking', languages=['eng'])
2025-01-14 23:55:19,655 :: INFO :: started task RedditClusteringP2P(name='RedditClusteringP2P', languages=['eng'])
2025-01-14 23:58:24,150 :: INFO :: ended task RedditClusteringP2P(name='RedditClusteringP2P', languages=['eng'])
2025-01-14 23:58:24,151 :: INFO :: started task SCIDOCS(name='SCIDOCS', languages=['eng'])
2025-01-14 23:58:41,536 :: INFO :: ended task SCIDOCS(name='SCIDOCS', languages=['eng'])
2025-01-14 23:58:41,536 :: INFO :: started task SciDocsReranking(name='SciDocsRR', languages=['eng'])
2025-01-14 23:58:50,345 :: INFO :: ended task SciDocsReranking(name='SciDocsRR', languages=['eng'])
2025-01-14 23:58:50,345 :: INFO :: started task StackExchangeClusteringP2P(name='StackExchangeClusteringP2P', languages=['eng'])
2025-01-15 00:00:16,114 :: INFO :: ended task StackExchangeClusteringP2P(name='StackExchangeClusteringP2P', languages=['eng'])
2025-01-15 00:00:16,115 :: INFO :: started task STS15STS(name='STS15', languages=['eng'])
2025-01-15 00:00:17,380 :: INFO :: ended task STS15STS(name='STS15', languages=['eng'])
2025-01-15 00:00:17,381 :: INFO :: started task STS16STS(name='STS16', languages=['eng'])
2025-01-15 00:00:18,484 :: INFO :: ended task STS16STS(name='STS16', languages=['eng'])
2025-01-15 00:00:18,484 :: INFO :: started task STSBenchmarkSTS(name='STSBenchmark', languages=['eng'])
2025-01-15 00:00:19,467 :: INFO :: ended task STSBenchmarkSTS(name='STSBenchmark', languages=['eng'])
2025-01-15 00:00:19,467 :: INFO :: started task ArguAna(name='ArguAna', languages=['eng'])
2025-01-15 00:00:29,112 :: INFO :: ended task ArguAna(name='ArguAna', languages=['eng'])
2025-01-15 00:00:29,112 :: INFO :: started task ArxivClusteringP2P(name='ArxivClusteringP2P', languages=['eng'])
2025-01-15 00:05:56,325 :: INFO :: ended task ArxivClusteringP2P(name='ArxivClusteringP2P', languages=['eng'])
2025-01-15 00:05:56,325 :: INFO :: started task BiorxivClusteringP2P(name='BiorxivClusteringP2P', languages=['eng'])
2025-01-15 00:06:50,052 :: INFO :: ended task BiorxivClusteringP2P(name='BiorxivClusteringP2P', languages=['eng'])
2025-01-15 00:06:50,052 :: INFO :: started task MedrxivClusteringP2P(name='MedrxivClusteringP2P', languages=['eng'])
2025-01-15 00:07:22,522 :: INFO :: ended task MedrxivClusteringP2P(name='MedrxivClusteringP2P', languages=['eng'])
2025-01-15 00:07:22,522 :: INFO :: started task MindSmallReranking(name='MindSmallReranking', languages=['eng'])
2025-01-15 00:10:50,776 :: INFO :: ended task MindSmallReranking(name='MindSmallReranking', languages=['eng'])
2025-01-15 00:10:50,776 :: INFO :: started task RedditClusteringP2P(name='RedditClusteringP2P', languages=['eng'])
2025-01-15 00:13:49,689 :: INFO :: ended task RedditClusteringP2P(name='RedditClusteringP2P', languages=['eng'])
2025-01-15 00:13:49,689 :: INFO :: started task SCIDOCS(name='SCIDOCS', languages=['eng'])
2025-01-15 00:14:06,837 :: INFO :: ended task SCIDOCS(name='SCIDOCS', languages=['eng'])
2025-01-15 00:14:06,837 :: INFO :: started task SciDocsReranking(name='SciDocsRR', languages=['eng'])
2025-01-15 00:14:15,665 :: INFO :: ended task SciDocsReranking(name='SciDocsRR', languages=['eng'])
2025-01-15 00:14:15,665 :: INFO :: started task StackExchangeClusteringP2P(name='StackExchangeClusteringP2P', languages=['eng'])
2025-01-15 00:15:43,425 :: INFO :: ended task StackExchangeClusteringP2P(name='StackExchangeClusteringP2P', languages=['eng'])
2025-01-15 00:15:43,426 :: INFO :: started task STS15STS(name='STS15', languages=['eng'])
2025-01-15 00:15:44,149 :: INFO :: ended task STS15STS(name='STS15', languages=['eng'])
2025-01-15 00:15:44,149 :: INFO :: started task STS16STS(name='STS16', languages=['eng'])
2025-01-15 00:15:44,635 :: INFO :: ended task STS16STS(name='STS16', languages=['eng'])
2025-01-15 00:15:44,636 :: INFO :: started task STSBenchmarkSTS(name='STSBenchmark', languages=['eng'])
2025-01-15 00:15:45,161 :: INFO :: ended task STSBenchmarkSTS(name='STSBenchmark', languages=['eng'])
2025-01-15 00:15:45,161 :: INFO :: started task ArguAna(name='ArguAna', languages=['eng'])
2025-01-15 00:15:54,675 :: INFO :: ended task ArguAna(name='ArguAna', languages=['eng'])
2025-01-15 00:15:54,675 :: INFO :: started task ArxivClusteringP2P(name='ArxivClusteringP2P', languages=['eng'])
2025-01-15 00:21:07,690 :: INFO :: ended task ArxivClusteringP2P(name='ArxivClusteringP2P', languages=['eng'])
2025-01-15 00:21:07,690 :: INFO :: started task BiorxivClusteringP2P(name='BiorxivClusteringP2P', languages=['eng'])
2025-01-15 00:21:59,668 :: INFO :: ended task BiorxivClusteringP2P(name='BiorxivClusteringP2P', languages=['eng'])
2025-01-15 00:21:59,668 :: INFO :: started task MedrxivClusteringP2P(name='MedrxivClusteringP2P', languages=['eng'])
2025-01-15 00:22:33,635 :: INFO :: ended task MedrxivClusteringP2P(name='MedrxivClusteringP2P', languages=['eng'])
2025-01-15 00:22:33,635 :: INFO :: started task MindSmallReranking(name='MindSmallReranking', languages=['eng'])
2025-01-15 00:25:58,352 :: INFO :: ended task MindSmallReranking(name='MindSmallReranking', languages=['eng'])
2025-01-15 00:25:58,352 :: INFO :: started task RedditClusteringP2P(name='RedditClusteringP2P', languages=['eng'])
2025-01-15 00:28:55,134 :: INFO :: ended task RedditClusteringP2P(name='RedditClusteringP2P', languages=['eng'])
2025-01-15 00:28:55,134 :: INFO :: started task SCIDOCS(name='SCIDOCS', languages=['eng'])
2025-01-15 00:29:11,382 :: INFO :: ended task SCIDOCS(name='SCIDOCS', languages=['eng'])
2025-01-15 00:29:11,382 :: INFO :: started task SciDocsReranking(name='SciDocsRR', languages=['eng'])
2025-01-15 00:29:20,279 :: INFO :: ended task SciDocsReranking(name='SciDocsRR', languages=['eng'])
2025-01-15 00:29:20,279 :: INFO :: started task StackExchangeClusteringP2P(name='StackExchangeClusteringP2P', languages=['eng'])
2025-01-15 00:30:43,902 :: INFO :: ended task StackExchangeClusteringP2P(name='StackExchangeClusteringP2P', languages=['eng'])
2025-01-15 00:30:43,903 :: INFO :: started task STS15STS(name='STS15', languages=['eng'])
2025-01-15 00:30:44,625 :: INFO :: ended task STS15STS(name='STS15', languages=['eng'])
2025-01-15 00:30:44,625 :: INFO :: started task STS16STS(name='STS16', languages=['eng'])
2025-01-15 00:30:45,118 :: INFO :: ended task STS16STS(name='STS16', languages=['eng'])
2025-01-15 00:30:45,118 :: INFO :: started task STSBenchmarkSTS(name='STSBenchmark', languages=['eng'])
2025-01-15 00:30:45,635 :: INFO :: ended task STSBenchmarkSTS(name='STSBenchmark', languages=['eng'])
2025-01-15 00:30:45,635 :: INFO :: started task ArguAna(name='ArguAna', languages=['eng'])
2025-01-15 00:30:54,224 :: INFO :: ended task ArguAna(name='ArguAna', languages=['eng'])
2025-01-15 00:30:54,224 :: INFO :: started task ArxivClusteringP2P(name='ArxivClusteringP2P', languages=['eng'])
2025-01-15 00:35:55,711 :: INFO :: ended task ArxivClusteringP2P(name='ArxivClusteringP2P', languages=['eng'])
2025-01-15 00:35:55,711 :: INFO :: started task BiorxivClusteringP2P(name='BiorxivClusteringP2P', languages=['eng'])
2025-01-15 00:36:46,328 :: INFO :: ended task BiorxivClusteringP2P(name='BiorxivClusteringP2P', languages=['eng'])
2025-01-15 00:36:46,328 :: INFO :: started task MedrxivClusteringP2P(name='MedrxivClusteringP2P', languages=['eng'])
2025-01-15 00:37:17,768 :: INFO :: ended task MedrxivClusteringP2P(name='MedrxivClusteringP2P', languages=['eng'])
2025-01-15 00:37:17,768 :: INFO :: started task MindSmallReranking(name='MindSmallReranking', languages=['eng'])
2025-01-15 00:40:34,108 :: INFO :: ended task MindSmallReranking(name='MindSmallReranking', languages=['eng'])
2025-01-15 00:40:34,108 :: INFO :: started task RedditClusteringP2P(name='RedditClusteringP2P', languages=['eng'])
2025-01-15 00:43:24,334 :: INFO :: ended task RedditClusteringP2P(name='RedditClusteringP2P', languages=['eng'])
2025-01-15 00:43:24,334 :: INFO :: started task SCIDOCS(name='SCIDOCS', languages=['eng'])
2025-01-15 00:43:40,282 :: INFO :: ended task SCIDOCS(name='SCIDOCS', languages=['eng'])
2025-01-15 00:43:40,283 :: INFO :: started task SciDocsReranking(name='SciDocsRR', languages=['eng'])
2025-01-15 10:50:51,506 :: INFO :: logger set up successfully
2025-01-15 10:50:51,508 :: INFO :: started task ArguAna(name='ArguAna', languages=['eng'])
2025-01-15 10:51:05,169 :: INFO :: ended task ArguAna(name='ArguAna', languages=['eng'])
2025-01-15 10:51:05,170 :: INFO :: started task ArxivClusteringP2P(name='ArxivClusteringP2P', languages=['eng'])
2025-01-15 10:55:18,138 :: INFO :: ended task ArxivClusteringP2P(name='ArxivClusteringP2P', languages=['eng'])
2025-01-15 10:55:18,138 :: INFO :: started task BiorxivClusteringP2P(name='BiorxivClusteringP2P', languages=['eng'])
2025-01-15 10:56:03,084 :: INFO :: ended task BiorxivClusteringP2P(name='BiorxivClusteringP2P', languages=['eng'])
2025-01-15 10:56:03,084 :: INFO :: started task MedrxivClusteringP2P(name='MedrxivClusteringP2P', languages=['eng'])
2025-01-15 10:56:34,591 :: INFO :: ended task MedrxivClusteringP2P(name='MedrxivClusteringP2P', languages=['eng'])
2025-01-15 10:56:34,591 :: INFO :: started task MindSmallReranking(name='MindSmallReranking', languages=['eng'])
2025-01-15 11:00:42,628 :: INFO :: ended task MindSmallReranking(name='MindSmallReranking', languages=['eng'])
2025-01-15 11:00:42,629 :: INFO :: started task RedditClusteringP2P(name='RedditClusteringP2P', languages=['eng'])
2025-01-15 11:03:02,790 :: INFO :: ended task RedditClusteringP2P(name='RedditClusteringP2P', languages=['eng'])
2025-01-15 11:03:02,790 :: INFO :: started task SCIDOCS(name='SCIDOCS', languages=['eng'])
2025-01-15 11:03:25,173 :: INFO :: ended task SCIDOCS(name='SCIDOCS', languages=['eng'])
2025-01-15 11:03:25,173 :: INFO :: started task SciDocsReranking(name='SciDocsRR', languages=['eng'])
2025-01-15 11:03:39,642 :: INFO :: ended task SciDocsReranking(name='SciDocsRR', languages=['eng'])
2025-01-15 11:03:39,642 :: INFO :: started task StackExchangeClusteringP2P(name='StackExchangeClusteringP2P', languages=['eng'])
2025-01-15 11:05:01,776 :: INFO :: ended task StackExchangeClusteringP2P(name='StackExchangeClusteringP2P', languages=['eng'])
2025-01-15 11:05:01,776 :: INFO :: started task STS15STS(name='STS15', languages=['eng'])
2025-01-15 11:05:08,060 :: INFO :: ended task STS15STS(name='STS15', languages=['eng'])
2025-01-15 11:05:08,060 :: INFO :: started task STS16STS(name='STS16', languages=['eng'])
2025-01-15 11:05:13,919 :: INFO :: ended task STS16STS(name='STS16', languages=['eng'])
2025-01-15 11:05:13,919 :: INFO :: started task STSBenchmarkSTS(name='STSBenchmark', languages=['eng'])
2025-01-15 11:05:19,852 :: INFO :: ended task STSBenchmarkSTS(name='STSBenchmark', languages=['eng'])
2025-01-15 11:05:19,852 :: INFO :: started task ArguAna(name='ArguAna', languages=['eng'])
2025-01-15 11:05:28,526 :: INFO :: ended task ArguAna(name='ArguAna', languages=['eng'])
2025-01-15 11:05:28,526 :: INFO :: started task ArxivClusteringP2P(name='ArxivClusteringP2P', languages=['eng'])
2025-01-15 11:09:22,000 :: INFO :: ended task ArxivClusteringP2P(name='ArxivClusteringP2P', languages=['eng'])
2025-01-15 11:09:22,000 :: INFO :: started task BiorxivClusteringP2P(name='BiorxivClusteringP2P', languages=['eng'])
2025-01-15 11:10:01,150 :: INFO :: ended task BiorxivClusteringP2P(name='BiorxivClusteringP2P', languages=['eng'])
2025-01-15 11:10:01,150 :: INFO :: started task MedrxivClusteringP2P(name='MedrxivClusteringP2P', languages=['eng'])
2025-01-15 11:10:25,595 :: INFO :: ended task MedrxivClusteringP2P(name='MedrxivClusteringP2P', languages=['eng'])
2025-01-15 11:10:25,596 :: INFO :: started task MindSmallReranking(name='MindSmallReranking', languages=['eng'])
2025-01-15 11:13:23,146 :: INFO :: ended task MindSmallReranking(name='MindSmallReranking', languages=['eng'])
2025-01-15 11:13:23,146 :: INFO :: started task RedditClusteringP2P(name='RedditClusteringP2P', languages=['eng'])
2025-01-15 11:15:35,388 :: INFO :: ended task RedditClusteringP2P(name='RedditClusteringP2P', languages=['eng'])
2025-01-15 11:15:35,389 :: INFO :: started task SCIDOCS(name='SCIDOCS', languages=['eng'])
2025-01-15 11:15:47,959 :: INFO :: ended task SCIDOCS(name='SCIDOCS', languages=['eng'])
2025-01-15 11:15:47,959 :: INFO :: started task SciDocsReranking(name='SciDocsRR', languages=['eng'])
2025-01-15 11:15:56,071 :: INFO :: ended task SciDocsReranking(name='SciDocsRR', languages=['eng'])
2025-01-15 11:15:56,071 :: INFO :: started task StackExchangeClusteringP2P(name='StackExchangeClusteringP2P', languages=['eng'])
2025-01-15 11:17:12,941 :: INFO :: ended task StackExchangeClusteringP2P(name='StackExchangeClusteringP2P', languages=['eng'])
2025-01-15 11:17:12,941 :: INFO :: started task STS15STS(name='STS15', languages=['eng'])
2025-01-15 11:17:13,615 :: INFO :: ended task STS15STS(name='STS15', languages=['eng'])
2025-01-15 11:17:13,615 :: INFO :: started task STS16STS(name='STS16', languages=['eng'])
2025-01-15 11:17:14,087 :: INFO :: ended task STS16STS(name='STS16', languages=['eng'])
2025-01-15 11:17:14,088 :: INFO :: started task STSBenchmarkSTS(name='STSBenchmark', languages=['eng'])
2025-01-15 11:17:14,565 :: INFO :: ended task STSBenchmarkSTS(name='STSBenchmark', languages=['eng'])
2025-01-15 11:17:14,565 :: INFO :: started task ArguAna(name='ArguAna', languages=['eng'])
2025-01-15 11:17:22,746 :: INFO :: ended task ArguAna(name='ArguAna', languages=['eng'])
2025-01-15 11:17:22,746 :: INFO :: started task ArxivClusteringP2P(name='ArxivClusteringP2P', languages=['eng'])
2025-01-15 11:21:07,290 :: INFO :: ended task ArxivClusteringP2P(name='ArxivClusteringP2P', languages=['eng'])
2025-01-15 11:21:07,290 :: INFO :: started task BiorxivClusteringP2P(name='BiorxivClusteringP2P', languages=['eng'])
2025-01-15 11:21:44,726 :: INFO :: ended task BiorxivClusteringP2P(name='BiorxivClusteringP2P', languages=['eng'])
2025-01-15 11:21:44,726 :: INFO :: started task MedrxivClusteringP2P(name='MedrxivClusteringP2P', languages=['eng'])
2025-01-15 11:22:08,801 :: INFO :: ended task MedrxivClusteringP2P(name='MedrxivClusteringP2P', languages=['eng'])
2025-01-15 11:22:08,801 :: INFO :: started task MindSmallReranking(name='MindSmallReranking', languages=['eng'])
2025-01-15 11:24:57,101 :: INFO :: ended task MindSmallReranking(name='MindSmallReranking', languages=['eng'])
2025-01-15 11:24:57,102 :: INFO :: started task RedditClusteringP2P(name='RedditClusteringP2P', languages=['eng'])
2025-01-15 11:27:03,082 :: INFO :: ended task RedditClusteringP2P(name='RedditClusteringP2P', languages=['eng'])
2025-01-15 11:27:03,082 :: INFO :: started task SCIDOCS(name='SCIDOCS', languages=['eng'])
2025-01-15 11:27:15,455 :: INFO :: ended task SCIDOCS(name='SCIDOCS', languages=['eng'])
2025-01-15 11:27:15,455 :: INFO :: started task SciDocsReranking(name='SciDocsRR', languages=['eng'])
2025-01-15 11:27:23,180 :: INFO :: ended task SciDocsReranking(name='SciDocsRR', languages=['eng'])
2025-01-15 11:27:23,180 :: INFO :: started task StackExchangeClusteringP2P(name='StackExchangeClusteringP2P', languages=['eng'])
2025-01-15 11:28:36,351 :: INFO :: ended task StackExchangeClusteringP2P(name='StackExchangeClusteringP2P', languages=['eng'])
2025-01-15 11:28:36,351 :: INFO :: started task STS15STS(name='STS15', languages=['eng'])
2025-01-15 11:28:37,235 :: INFO :: ended task STS15STS(name='STS15', languages=['eng'])
2025-01-15 11:28:37,235 :: INFO :: started task STS16STS(name='STS16', languages=['eng'])
2025-01-15 11:28:37,802 :: INFO :: ended task STS16STS(name='STS16', languages=['eng'])
2025-01-15 11:28:37,803 :: INFO :: started task STSBenchmarkSTS(name='STSBenchmark', languages=['eng'])
2025-01-15 11:28:38,316 :: INFO :: ended task STSBenchmarkSTS(name='STSBenchmark', languages=['eng'])
2025-01-15 11:28:38,316 :: INFO :: started task ArguAna(name='ArguAna', languages=['eng'])
2025-01-15 11:28:45,822 :: INFO :: ended task ArguAna(name='ArguAna', languages=['eng'])
2025-01-15 11:28:45,823 :: INFO :: started task ArxivClusteringP2P(name='ArxivClusteringP2P', languages=['eng'])
2025-01-15 11:32:08,009 :: INFO :: ended task ArxivClusteringP2P(name='ArxivClusteringP2P', languages=['eng'])
2025-01-15 11:32:08,010 :: INFO :: started task BiorxivClusteringP2P(name='BiorxivClusteringP2P', languages=['eng'])
2025-01-15 11:32:44,154 :: INFO :: ended task BiorxivClusteringP2P(name='BiorxivClusteringP2P', languages=['eng'])
2025-01-15 11:32:44,155 :: INFO :: started task MedrxivClusteringP2P(name='MedrxivClusteringP2P', languages=['eng'])
2025-01-15 11:33:07,732 :: INFO :: ended task MedrxivClusteringP2P(name='MedrxivClusteringP2P', languages=['eng'])
2025-01-15 11:33:07,732 :: INFO :: started task MindSmallReranking(name='MindSmallReranking', languages=['eng'])
2025-01-15 11:35:52,820 :: INFO :: ended task MindSmallReranking(name='MindSmallReranking', languages=['eng'])
2025-01-15 11:35:52,820 :: INFO :: started task RedditClusteringP2P(name='RedditClusteringP2P', languages=['eng'])
2025-01-15 11:37:54,256 :: INFO :: ended task RedditClusteringP2P(name='RedditClusteringP2P', languages=['eng'])
2025-01-15 11:37:54,256 :: INFO :: started task SCIDOCS(name='SCIDOCS', languages=['eng'])
2025-01-15 11:38:05,820 :: INFO :: ended task SCIDOCS(name='SCIDOCS', languages=['eng'])
2025-01-15 11:38:05,820 :: INFO :: started task SciDocsReranking(name='SciDocsRR', languages=['eng'])
2025-01-15 11:48:46,477 :: INFO :: logger set up successfully
2025-01-15 11:48:46,480 :: INFO :: started task ArguAna(name='ArguAna', languages=['eng'])
2025-01-15 11:49:01,533 :: INFO :: ended task ArguAna(name='ArguAna', languages=['eng'])
2025-01-15 11:49:01,533 :: INFO :: started task ArxivClusteringP2P(name='ArxivClusteringP2P', languages=['eng'])
2025-01-15 11:55:30,611 :: INFO :: ended task ArxivClusteringP2P(name='ArxivClusteringP2P', languages=['eng'])
2025-01-15 11:55:30,611 :: INFO :: started task BiorxivClusteringP2P(name='BiorxivClusteringP2P', languages=['eng'])
2025-01-15 11:56:36,412 :: INFO :: ended task BiorxivClusteringP2P(name='BiorxivClusteringP2P', languages=['eng'])
2025-01-15 11:56:36,413 :: INFO :: started task MedrxivClusteringP2P(name='MedrxivClusteringP2P', languages=['eng'])
2025-01-15 11:57:15,582 :: INFO :: ended task MedrxivClusteringP2P(name='MedrxivClusteringP2P', languages=['eng'])
2025-01-15 11:57:15,582 :: INFO :: started task MindSmallReranking(name='MindSmallReranking', languages=['eng'])
2025-01-15 12:02:23,357 :: INFO :: ended task MindSmallReranking(name='MindSmallReranking', languages=['eng'])
2025-01-15 12:02:23,357 :: INFO :: started task RedditClusteringP2P(name='RedditClusteringP2P', languages=['eng'])
2025-01-15 12:06:08,997 :: INFO :: ended task RedditClusteringP2P(name='RedditClusteringP2P', languages=['eng'])
2025-01-15 12:06:08,997 :: INFO :: started task SCIDOCS(name='SCIDOCS', languages=['eng'])
2025-01-15 12:06:35,586 :: INFO :: ended task SCIDOCS(name='SCIDOCS', languages=['eng'])
2025-01-15 12:06:35,587 :: INFO :: started task SciDocsReranking(name='SciDocsRR', languages=['eng'])
2025-01-15 12:07:09,040 :: INFO :: ended task SciDocsReranking(name='SciDocsRR', languages=['eng'])
2025-01-15 12:07:09,040 :: INFO :: started task StackExchangeClusteringP2P(name='StackExchangeClusteringP2P', languages=['eng'])
2025-01-15 12:08:55,957 :: INFO :: ended task StackExchangeClusteringP2P(name='StackExchangeClusteringP2P', languages=['eng'])
2025-01-15 12:08:55,958 :: INFO :: started task STS15STS(name='STS15', languages=['eng'])
2025-01-15 12:09:02,603 :: INFO :: ended task STS15STS(name='STS15', languages=['eng'])
2025-01-15 12:09:02,603 :: INFO :: started task STS16STS(name='STS16', languages=['eng'])
2025-01-15 12:09:08,677 :: INFO :: ended task STS16STS(name='STS16', languages=['eng'])
2025-01-15 12:09:08,678 :: INFO :: started task STSBenchmarkSTS(name='STSBenchmark', languages=['eng'])
2025-01-15 12:09:15,311 :: INFO :: ended task STSBenchmarkSTS(name='STSBenchmark', languages=['eng'])
2025-01-15 12:09:15,311 :: INFO :: started task ArguAna(name='ArguAna', languages=['eng'])
2025-01-15 12:09:15,743 :: INFO :: ended task ArguAna(name='ArguAna', languages=['eng'])
2025-01-15 12:09:15,743 :: INFO :: started task ArxivClusteringP2P(name='ArxivClusteringP2P', languages=['eng'])
2025-01-15 12:09:16,172 :: INFO :: ended task ArxivClusteringP2P(name='ArxivClusteringP2P', languages=['eng'])
2025-01-15 12:09:16,172 :: INFO :: started task BiorxivClusteringP2P(name='BiorxivClusteringP2P', languages=['eng'])
2025-01-15 12:09:16,604 :: INFO :: ended task BiorxivClusteringP2P(name='BiorxivClusteringP2P', languages=['eng'])
2025-01-15 12:09:16,604 :: INFO :: started task MedrxivClusteringP2P(name='MedrxivClusteringP2P', languages=['eng'])
2025-01-15 12:09:17,051 :: INFO :: ended task MedrxivClusteringP2P(name='MedrxivClusteringP2P', languages=['eng'])
2025-01-15 12:09:17,051 :: INFO :: started task MindSmallReranking(name='MindSmallReranking', languages=['eng'])
2025-01-15 12:09:17,531 :: INFO :: ended task MindSmallReranking(name='MindSmallReranking', languages=['eng'])
2025-01-15 12:09:17,532 :: INFO :: started task RedditClusteringP2P(name='RedditClusteringP2P', languages=['eng'])
2025-01-15 12:09:18,036 :: INFO :: ended task RedditClusteringP2P(name='RedditClusteringP2P', languages=['eng'])
2025-01-15 12:09:18,036 :: INFO :: started task SCIDOCS(name='SCIDOCS', languages=['eng'])
2025-01-15 12:09:18,549 :: INFO :: ended task SCIDOCS(name='SCIDOCS', languages=['eng'])
2025-01-15 12:09:18,549 :: INFO :: started task SciDocsReranking(name='SciDocsRR', languages=['eng'])
2025-01-15 12:09:19,059 :: INFO :: ended task SciDocsReranking(name='SciDocsRR', languages=['eng'])
2025-01-15 12:09:19,060 :: INFO :: started task StackExchangeClusteringP2P(name='StackExchangeClusteringP2P', languages=['eng'])
2025-01-15 12:09:19,574 :: INFO :: ended task StackExchangeClusteringP2P(name='StackExchangeClusteringP2P', languages=['eng'])
2025-01-15 12:09:19,574 :: INFO :: started task STS15STS(name='STS15', languages=['eng'])
2025-01-15 12:09:20,218 :: INFO :: ended task STS15STS(name='STS15', languages=['eng'])
2025-01-15 12:09:20,218 :: INFO :: started task STS16STS(name='STS16', languages=['eng'])
2025-01-15 12:09:20,739 :: INFO :: ended task STS16STS(name='STS16', languages=['eng'])
2025-01-15 12:09:20,739 :: INFO :: started task STSBenchmarkSTS(name='STSBenchmark', languages=['eng'])
2025-01-15 12:09:21,253 :: INFO :: ended task STSBenchmarkSTS(name='STSBenchmark', languages=['eng'])
2025-01-15 12:09:21,253 :: INFO :: started task ArguAna(name='ArguAna', languages=['eng'])
2025-01-15 12:09:21,841 :: INFO :: ended task ArguAna(name='ArguAna', languages=['eng'])
2025-01-15 12:09:21,841 :: INFO :: started task ArxivClusteringP2P(name='ArxivClusteringP2P', languages=['eng'])
2025-01-15 12:09:22,259 :: INFO :: ended task ArxivClusteringP2P(name='ArxivClusteringP2P', languages=['eng'])
2025-01-15 12:09:22,259 :: INFO :: started task BiorxivClusteringP2P(name='BiorxivClusteringP2P', languages=['eng'])
2025-01-15 12:09:22,689 :: INFO :: ended task BiorxivClusteringP2P(name='BiorxivClusteringP2P', languages=['eng'])
2025-01-15 12:09:22,690 :: INFO :: started task MedrxivClusteringP2P(name='MedrxivClusteringP2P', languages=['eng'])
2025-01-15 12:09:23,130 :: INFO :: ended task MedrxivClusteringP2P(name='MedrxivClusteringP2P', languages=['eng'])
2025-01-15 12:09:23,130 :: INFO :: started task MindSmallReranking(name='MindSmallReranking', languages=['eng'])
2025-01-15 12:09:23,540 :: INFO :: ended task MindSmallReranking(name='MindSmallReranking', languages=['eng'])
2025-01-15 12:09:23,541 :: INFO :: started task RedditClusteringP2P(name='RedditClusteringP2P', languages=['eng'])
2025-01-15 12:09:23,949 :: INFO :: ended task RedditClusteringP2P(name='RedditClusteringP2P', languages=['eng'])
2025-01-15 12:09:23,950 :: INFO :: started task SCIDOCS(name='SCIDOCS', languages=['eng'])
2025-01-15 12:09:24,359 :: INFO :: ended task SCIDOCS(name='SCIDOCS', languages=['eng'])
2025-01-15 12:09:24,360 :: INFO :: started task SciDocsReranking(name='SciDocsRR', languages=['eng'])
2025-01-15 12:09:24,772 :: INFO :: ended task SciDocsReranking(name='SciDocsRR', languages=['eng'])
2025-01-15 12:09:24,773 :: INFO :: started task StackExchangeClusteringP2P(name='StackExchangeClusteringP2P', languages=['eng'])
2025-01-15 12:09:25,239 :: INFO :: ended task StackExchangeClusteringP2P(name='StackExchangeClusteringP2P', languages=['eng'])
2025-01-15 12:09:25,240 :: INFO :: started task STS15STS(name='STS15', languages=['eng'])
2025-01-15 12:09:25,741 :: INFO :: ended task STS15STS(name='STS15', languages=['eng'])
2025-01-15 12:09:25,741 :: INFO :: started task STS16STS(name='STS16', languages=['eng'])
2025-01-15 12:09:26,115 :: INFO :: ended task STS16STS(name='STS16', languages=['eng'])
2025-01-15 12:09:26,116 :: INFO :: started task STSBenchmarkSTS(name='STSBenchmark', languages=['eng'])
2025-01-15 12:09:26,555 :: INFO :: ended task STSBenchmarkSTS(name='STSBenchmark', languages=['eng'])
2025-01-15 12:09:26,556 :: INFO :: started task ArguAna(name='ArguAna', languages=['eng'])
2025-01-15 12:09:27,213 :: INFO :: ended task ArguAna(name='ArguAna', languages=['eng'])
2025-01-15 12:09:27,213 :: INFO :: started task ArxivClusteringP2P(name='ArxivClusteringP2P', languages=['eng'])
2025-01-15 12:09:27,754 :: INFO :: ended task ArxivClusteringP2P(name='ArxivClusteringP2P', languages=['eng'])
2025-01-15 12:09:27,754 :: INFO :: started task BiorxivClusteringP2P(name='BiorxivClusteringP2P', languages=['eng'])
2025-01-15 12:09:28,185 :: INFO :: ended task BiorxivClusteringP2P(name='BiorxivClusteringP2P', languages=['eng'])
2025-01-15 12:09:28,185 :: INFO :: started task MedrxivClusteringP2P(name='MedrxivClusteringP2P', languages=['eng'])
2025-01-15 12:09:28,592 :: INFO :: ended task MedrxivClusteringP2P(name='MedrxivClusteringP2P', languages=['eng'])
2025-01-15 12:09:28,592 :: INFO :: started task MindSmallReranking(name='MindSmallReranking', languages=['eng'])
2025-01-15 12:09:28,987 :: INFO :: ended task MindSmallReranking(name='MindSmallReranking', languages=['eng'])
2025-01-15 12:09:28,988 :: INFO :: started task RedditClusteringP2P(name='RedditClusteringP2P', languages=['eng'])
2025-01-15 12:09:29,363 :: INFO :: ended task RedditClusteringP2P(name='RedditClusteringP2P', languages=['eng'])
2025-01-15 12:09:29,363 :: INFO :: started task SCIDOCS(name='SCIDOCS', languages=['eng'])
2025-01-15 12:09:29,739 :: INFO :: ended task SCIDOCS(name='SCIDOCS', languages=['eng'])
2025-01-15 12:09:29,739 :: INFO :: started task SciDocsReranking(name='SciDocsRR', languages=['eng'])
2025-01-15 12:09:30,113 :: INFO :: ended task SciDocsReranking(name='SciDocsRR', languages=['eng'])
2025-01-15 12:09:30,113 :: INFO :: started task StackExchangeClusteringP2P(name='StackExchangeClusteringP2P', languages=['eng'])
2025-01-15 12:09:30,486 :: INFO :: ended task StackExchangeClusteringP2P(name='StackExchangeClusteringP2P', languages=['eng'])
2025-01-15 12:09:30,486 :: INFO :: started task STS15STS(name='STS15', languages=['eng'])
2025-01-15 12:09:30,859 :: INFO :: ended task STS15STS(name='STS15', languages=['eng'])
2025-01-15 12:09:30,860 :: INFO :: started task STS16STS(name='STS16', languages=['eng'])
2025-01-15 12:09:31,232 :: INFO :: ended task STS16STS(name='STS16', languages=['eng'])
2025-01-15 12:09:31,233 :: INFO :: started task STSBenchmarkSTS(name='STSBenchmark', languages=['eng'])
2025-01-15 12:09:31,606 :: INFO :: ended task STSBenchmarkSTS(name='STSBenchmark', languages=['eng'])
2025-01-15 12:09:31,606 :: INFO :: started task ArguAna(name='ArguAna', languages=['eng'])
2025-01-15 12:09:32,004 :: INFO :: ended task ArguAna(name='ArguAna', languages=['eng'])
2025-01-15 12:09:32,004 :: INFO :: started task ArxivClusteringP2P(name='ArxivClusteringP2P', languages=['eng'])
2025-01-15 12:09:32,408 :: INFO :: ended task ArxivClusteringP2P(name='ArxivClusteringP2P', languages=['eng'])
2025-01-15 12:09:32,408 :: INFO :: started task BiorxivClusteringP2P(name='BiorxivClusteringP2P', languages=['eng'])
2025-01-15 12:09:32,795 :: INFO :: ended task BiorxivClusteringP2P(name='BiorxivClusteringP2P', languages=['eng'])
2025-01-15 12:09:32,795 :: INFO :: started task MedrxivClusteringP2P(name='MedrxivClusteringP2P', languages=['eng'])
2025-01-15 12:09:33,454 :: INFO :: ended task MedrxivClusteringP2P(name='MedrxivClusteringP2P', languages=['eng'])
2025-01-15 12:09:33,454 :: INFO :: started task MindSmallReranking(name='MindSmallReranking', languages=['eng'])
2025-01-15 12:09:34,068 :: INFO :: ended task MindSmallReranking(name='MindSmallReranking', languages=['eng'])
2025-01-15 12:09:34,068 :: INFO :: started task RedditClusteringP2P(name='RedditClusteringP2P', languages=['eng'])
2025-01-15 12:09:34,640 :: INFO :: ended task RedditClusteringP2P(name='RedditClusteringP2P', languages=['eng'])
2025-01-15 12:09:34,640 :: INFO :: started task SCIDOCS(name='SCIDOCS', languages=['eng'])
2025-01-15 12:09:35,211 :: INFO :: ended task SCIDOCS(name='SCIDOCS', languages=['eng'])
2025-01-15 12:09:35,212 :: INFO :: started task SciDocsReranking(name='SciDocsRR', languages=['eng'])
2025-01-15 12:09:35,898 :: INFO :: ended task SciDocsReranking(name='SciDocsRR', languages=['eng'])
2025-01-15 12:09:35,898 :: INFO :: started task StackExchangeClusteringP2P(name='StackExchangeClusteringP2P', languages=['eng'])
2025-01-15 12:09:36,490 :: INFO :: ended task StackExchangeClusteringP2P(name='StackExchangeClusteringP2P', languages=['eng'])
2025-01-15 12:09:36,490 :: INFO :: started task STS15STS(name='STS15', languages=['eng'])
2025-01-15 12:09:36,980 :: INFO :: ended task STS15STS(name='STS15', languages=['eng'])
2025-01-15 12:09:36,980 :: INFO :: started task STS16STS(name='STS16', languages=['eng'])
2025-01-15 12:09:37,370 :: INFO :: ended task STS16STS(name='STS16', languages=['eng'])
2025-01-15 12:09:37,370 :: INFO :: started task STSBenchmarkSTS(name='STSBenchmark', languages=['eng'])
2025-01-15 12:09:37,748 :: INFO :: ended task STSBenchmarkSTS(name='STSBenchmark', languages=['eng'])
2025-01-15 12:09:37,748 :: INFO :: started task ArguAna(name='ArguAna', languages=['eng'])
2025-01-15 12:09:56,504 :: INFO :: ended task ArguAna(name='ArguAna', languages=['eng'])
2025-01-15 12:09:56,505 :: INFO :: started task ArxivClusteringP2P(name='ArxivClusteringP2P', languages=['eng'])
2025-01-15 12:28:16,807 :: INFO :: ended task ArxivClusteringP2P(name='ArxivClusteringP2P', languages=['eng'])
2025-01-15 12:28:16,808 :: INFO :: started task BiorxivClusteringP2P(name='BiorxivClusteringP2P', languages=['eng'])
2025-01-15 12:30:34,892 :: INFO :: ended task BiorxivClusteringP2P(name='BiorxivClusteringP2P', languages=['eng'])
2025-01-15 12:30:34,892 :: INFO :: started task MedrxivClusteringP2P(name='MedrxivClusteringP2P', languages=['eng'])
2025-01-15 12:31:47,503 :: INFO :: ended task MedrxivClusteringP2P(name='MedrxivClusteringP2P', languages=['eng'])
2025-01-15 12:31:47,504 :: INFO :: started task MindSmallReranking(name='MindSmallReranking', languages=['eng'])
2025-01-15 12:38:01,826 :: INFO :: ended task MindSmallReranking(name='MindSmallReranking', languages=['eng'])
2025-01-15 12:38:01,826 :: INFO :: started task RedditClusteringP2P(name='RedditClusteringP2P', languages=['eng'])
2025-01-15 12:45:33,677 :: INFO :: ended task RedditClusteringP2P(name='RedditClusteringP2P', languages=['eng'])
2025-01-15 12:45:33,677 :: INFO :: started task SCIDOCS(name='SCIDOCS', languages=['eng'])
2025-01-15 12:46:13,080 :: INFO :: ended task SCIDOCS(name='SCIDOCS', languages=['eng'])
2025-01-15 12:46:13,080 :: INFO :: started task SciDocsReranking(name='SciDocsRR', languages=['eng'])
2025-01-15 12:47:01,403 :: INFO :: ended task SciDocsReranking(name='SciDocsRR', languages=['eng'])
2025-01-15 12:47:01,403 :: INFO :: started task StackExchangeClusteringP2P(name='StackExchangeClusteringP2P', languages=['eng'])
2025-01-15 12:49:34,916 :: INFO :: ended task StackExchangeClusteringP2P(name='StackExchangeClusteringP2P', languages=['eng'])
2025-01-15 12:49:34,916 :: INFO :: started task STS15STS(name='STS15', languages=['eng'])
2025-01-15 12:49:37,376 :: INFO :: ended task STS15STS(name='STS15', languages=['eng'])
2025-01-15 12:49:37,376 :: INFO :: started task STS16STS(name='STS16', languages=['eng'])
2025-01-15 12:49:38,614 :: INFO :: ended task STS16STS(name='STS16', languages=['eng'])
2025-01-15 12:49:38,615 :: INFO :: started task STSBenchmarkSTS(name='STSBenchmark', languages=['eng'])
2025-01-15 12:49:39,831 :: INFO :: ended task STSBenchmarkSTS(name='STSBenchmark', languages=['eng'])
2025-01-15 12:49:39,831 :: INFO :: started task ArguAna(name='ArguAna', languages=['eng'])
2025-01-15 12:49:40,206 :: INFO :: ended task ArguAna(name='ArguAna', languages=['eng'])
2025-01-15 12:49:40,206 :: INFO :: started task ArxivClusteringP2P(name='ArxivClusteringP2P', languages=['eng'])
2025-01-15 12:49:40,611 :: INFO :: ended task ArxivClusteringP2P(name='ArxivClusteringP2P', languages=['eng'])
2025-01-15 12:49:40,611 :: INFO :: started task BiorxivClusteringP2P(name='BiorxivClusteringP2P', languages=['eng'])
2025-01-15 12:49:41,016 :: INFO :: ended task BiorxivClusteringP2P(name='BiorxivClusteringP2P', languages=['eng'])
2025-01-15 12:49:41,016 :: INFO :: started task MedrxivClusteringP2P(name='MedrxivClusteringP2P', languages=['eng'])
2025-01-15 12:49:41,433 :: INFO :: ended task MedrxivClusteringP2P(name='MedrxivClusteringP2P', languages=['eng'])
2025-01-15 12:49:41,433 :: INFO :: started task MindSmallReranking(name='MindSmallReranking', languages=['eng'])
2025-01-15 12:49:41,857 :: INFO :: ended task MindSmallReranking(name='MindSmallReranking', languages=['eng'])
2025-01-15 12:49:41,858 :: INFO :: started task RedditClusteringP2P(name='RedditClusteringP2P', languages=['eng'])
2025-01-15 12:49:42,271 :: INFO :: ended task RedditClusteringP2P(name='RedditClusteringP2P', languages=['eng'])
2025-01-15 12:49:42,271 :: INFO :: started task SCIDOCS(name='SCIDOCS', languages=['eng'])
2025-01-15 12:49:42,685 :: INFO :: ended task SCIDOCS(name='SCIDOCS', languages=['eng'])
2025-01-15 12:49:42,685 :: INFO :: started task SciDocsReranking(name='SciDocsRR', languages=['eng'])
2025-01-15 12:49:43,096 :: INFO :: ended task SciDocsReranking(name='SciDocsRR', languages=['eng'])
2025-01-15 12:49:43,096 :: INFO :: started task StackExchangeClusteringP2P(name='StackExchangeClusteringP2P', languages=['eng'])
2025-01-15 12:49:43,512 :: INFO :: ended task StackExchangeClusteringP2P(name='StackExchangeClusteringP2P', languages=['eng'])
2025-01-15 12:49:43,512 :: INFO :: started task STS15STS(name='STS15', languages=['eng'])
2025-01-15 12:49:43,920 :: INFO :: ended task STS15STS(name='STS15', languages=['eng'])
2025-01-15 12:49:43,920 :: INFO :: started task STS16STS(name='STS16', languages=['eng'])
2025-01-15 12:49:44,302 :: INFO :: ended task STS16STS(name='STS16', languages=['eng'])
2025-01-15 12:49:44,302 :: INFO :: started task STSBenchmarkSTS(name='STSBenchmark', languages=['eng'])
2025-01-15 12:49:44,673 :: INFO :: ended task STSBenchmarkSTS(name='STSBenchmark', languages=['eng'])
2025-01-15 12:49:44,673 :: INFO :: started task ArguAna(name='ArguAna', languages=['eng'])
2025-01-15 12:49:45,045 :: INFO :: ended task ArguAna(name='ArguAna', languages=['eng'])
2025-01-15 12:49:45,045 :: INFO :: started task ArxivClusteringP2P(name='ArxivClusteringP2P', languages=['eng'])
2025-01-15 12:49:45,417 :: INFO :: ended task ArxivClusteringP2P(name='ArxivClusteringP2P', languages=['eng'])
2025-01-15 12:49:45,417 :: INFO :: started task BiorxivClusteringP2P(name='BiorxivClusteringP2P', languages=['eng'])
2025-01-15 12:49:45,788 :: INFO :: ended task BiorxivClusteringP2P(name='BiorxivClusteringP2P', languages=['eng'])
2025-01-15 12:49:45,788 :: INFO :: started task MedrxivClusteringP2P(name='MedrxivClusteringP2P', languages=['eng'])
2025-01-15 12:49:46,159 :: INFO :: ended task MedrxivClusteringP2P(name='MedrxivClusteringP2P', languages=['eng'])
2025-01-15 12:49:46,159 :: INFO :: started task MindSmallReranking(name='MindSmallReranking', languages=['eng'])
2025-01-15 12:49:46,531 :: INFO :: ended task MindSmallReranking(name='MindSmallReranking', languages=['eng'])
2025-01-15 12:49:46,531 :: INFO :: started task RedditClusteringP2P(name='RedditClusteringP2P', languages=['eng'])
2025-01-15 12:49:46,903 :: INFO :: ended task RedditClusteringP2P(name='RedditClusteringP2P', languages=['eng'])
2025-01-15 12:49:46,903 :: INFO :: started task SCIDOCS(name='SCIDOCS', languages=['eng'])
2025-01-15 12:49:47,274 :: INFO :: ended task SCIDOCS(name='SCIDOCS', languages=['eng'])
2025-01-15 12:49:47,275 :: INFO :: started task SciDocsReranking(name='SciDocsRR', languages=['eng'])
2025-01-15 12:49:47,647 :: INFO :: ended task SciDocsReranking(name='SciDocsRR', languages=['eng'])
2025-01-15 12:49:47,647 :: INFO :: started task StackExchangeClusteringP2P(name='StackExchangeClusteringP2P', languages=['eng'])
2025-01-15 12:49:48,019 :: INFO :: ended task StackExchangeClusteringP2P(name='StackExchangeClusteringP2P', languages=['eng'])
2025-01-15 12:49:48,019 :: INFO :: started task STS15STS(name='STS15', languages=['eng'])
2025-01-15 12:49:48,390 :: INFO :: ended task STS15STS(name='STS15', languages=['eng'])
2025-01-15 12:49:48,390 :: INFO :: started task STS16STS(name='STS16', languages=['eng'])
2025-01-15 12:49:48,792 :: INFO :: ended task STS16STS(name='STS16', languages=['eng'])
2025-01-15 12:49:48,792 :: INFO :: started task STSBenchmarkSTS(name='STSBenchmark', languages=['eng'])
2025-01-15 12:49:49,188 :: INFO :: ended task STSBenchmarkSTS(name='STSBenchmark', languages=['eng'])
2025-01-15 12:49:49,188 :: INFO :: started task ArguAna(name='ArguAna', languages=['eng'])
2025-01-15 12:49:49,565 :: INFO :: ended task ArguAna(name='ArguAna', languages=['eng'])
2025-01-15 12:49:49,565 :: INFO :: started task ArxivClusteringP2P(name='ArxivClusteringP2P', languages=['eng'])
2025-01-15 12:49:49,937 :: INFO :: ended task ArxivClusteringP2P(name='ArxivClusteringP2P', languages=['eng'])
2025-01-15 12:49:49,937 :: INFO :: started task BiorxivClusteringP2P(name='BiorxivClusteringP2P', languages=['eng'])
2025-01-15 12:49:50,311 :: INFO :: ended task BiorxivClusteringP2P(name='BiorxivClusteringP2P', languages=['eng'])
2025-01-15 12:49:50,311 :: INFO :: started task MedrxivClusteringP2P(name='MedrxivClusteringP2P', languages=['eng'])
2025-01-15 12:49:50,682 :: INFO :: ended task MedrxivClusteringP2P(name='MedrxivClusteringP2P', languages=['eng'])
2025-01-15 12:49:50,682 :: INFO :: started task MindSmallReranking(name='MindSmallReranking', languages=['eng'])
2025-01-15 12:49:51,054 :: INFO :: ended task MindSmallReranking(name='MindSmallReranking', languages=['eng'])
2025-01-15 12:49:51,054 :: INFO :: started task RedditClusteringP2P(name='RedditClusteringP2P', languages=['eng'])
2025-01-15 12:49:51,425 :: INFO :: ended task RedditClusteringP2P(name='RedditClusteringP2P', languages=['eng'])
2025-01-15 12:49:51,425 :: INFO :: started task SCIDOCS(name='SCIDOCS', languages=['eng'])
2025-01-15 12:49:51,796 :: INFO :: ended task SCIDOCS(name='SCIDOCS', languages=['eng'])
2025-01-15 12:49:51,796 :: INFO :: started task SciDocsReranking(name='SciDocsRR', languages=['eng'])
2025-01-15 12:49:52,168 :: INFO :: ended task SciDocsReranking(name='SciDocsRR', languages=['eng'])
2025-01-15 12:49:52,168 :: INFO :: started task StackExchangeClusteringP2P(name='StackExchangeClusteringP2P', languages=['eng'])
2025-01-15 12:49:52,539 :: INFO :: ended task StackExchangeClusteringP2P(name='StackExchangeClusteringP2P', languages=['eng'])
2025-01-15 12:49:52,539 :: INFO :: started task STS15STS(name='STS15', languages=['eng'])
2025-01-15 12:49:52,909 :: INFO :: ended task STS15STS(name='STS15', languages=['eng'])
2025-01-15 12:49:52,909 :: INFO :: started task STS16STS(name='STS16', languages=['eng'])
2025-01-15 12:49:53,279 :: INFO :: ended task STS16STS(name='STS16', languages=['eng'])
2025-01-15 12:49:53,279 :: INFO :: started task STSBenchmarkSTS(name='STSBenchmark', languages=['eng'])
2025-01-15 12:49:53,649 :: INFO :: ended task STSBenchmarkSTS(name='STSBenchmark', languages=['eng'])
2025-01-15 12:49:53,650 :: INFO :: started task ArguAna(name='ArguAna', languages=['eng'])
2025-01-15 12:49:54,021 :: INFO :: ended task ArguAna(name='ArguAna', languages=['eng'])
2025-01-15 12:49:54,021 :: INFO :: started task ArxivClusteringP2P(name='ArxivClusteringP2P', languages=['eng'])
2025-01-15 12:49:54,391 :: INFO :: ended task ArxivClusteringP2P(name='ArxivClusteringP2P', languages=['eng'])
2025-01-15 12:49:54,391 :: INFO :: started task BiorxivClusteringP2P(name='BiorxivClusteringP2P', languages=['eng'])
2025-01-15 12:49:54,762 :: INFO :: ended task BiorxivClusteringP2P(name='BiorxivClusteringP2P', languages=['eng'])
2025-01-15 12:49:54,762 :: INFO :: started task MedrxivClusteringP2P(name='MedrxivClusteringP2P', languages=['eng'])
2025-01-15 12:49:55,132 :: INFO :: ended task MedrxivClusteringP2P(name='MedrxivClusteringP2P', languages=['eng'])
2025-01-15 12:49:55,132 :: INFO :: started task MindSmallReranking(name='MindSmallReranking', languages=['eng'])
2025-01-15 12:49:55,503 :: INFO :: ended task MindSmallReranking(name='MindSmallReranking', languages=['eng'])
2025-01-15 12:49:55,503 :: INFO :: started task RedditClusteringP2P(name='RedditClusteringP2P', languages=['eng'])
2025-01-15 12:49:55,874 :: INFO :: ended task RedditClusteringP2P(name='RedditClusteringP2P', languages=['eng'])
2025-01-15 12:49:55,874 :: INFO :: started task SCIDOCS(name='SCIDOCS', languages=['eng'])
2025-01-15 12:49:56,245 :: INFO :: ended task SCIDOCS(name='SCIDOCS', languages=['eng'])
2025-01-15 12:49:56,245 :: INFO :: started task SciDocsReranking(name='SciDocsRR', languages=['eng'])
2025-01-15 12:49:56,617 :: INFO :: ended task SciDocsReranking(name='SciDocsRR', languages=['eng'])
2025-01-15 12:49:56,617 :: INFO :: started task StackExchangeClusteringP2P(name='StackExchangeClusteringP2P', languages=['eng'])
2025-01-15 12:51:10,933 :: INFO :: ended task StackExchangeClusteringP2P(name='StackExchangeClusteringP2P', languages=['eng'])
2025-01-15 12:51:10,933 :: INFO :: started task STS15STS(name='STS15', languages=['eng'])
2025-01-15 12:51:11,662 :: INFO :: ended task STS15STS(name='STS15', languages=['eng'])
2025-01-15 12:51:11,662 :: INFO :: started task STS16STS(name='STS16', languages=['eng'])
2025-01-15 12:51:12,204 :: INFO :: ended task STS16STS(name='STS16', languages=['eng'])
2025-01-15 12:51:12,204 :: INFO :: started task STSBenchmarkSTS(name='STSBenchmark', languages=['eng'])
2025-01-15 12:51:12,738 :: INFO :: ended task STSBenchmarkSTS(name='STSBenchmark', languages=['eng'])
2025-01-15 12:51:12,738 :: INFO :: started task ArguAna(name='ArguAna', languages=['eng'])
2025-01-15 12:51:27,739 :: INFO :: ended task ArguAna(name='ArguAna', languages=['eng'])
2025-01-15 12:51:27,740 :: INFO :: started task ArxivClusteringP2P(name='ArxivClusteringP2P', languages=['eng'])
2025-01-15 13:05:07,605 :: INFO :: ended task ArxivClusteringP2P(name='ArxivClusteringP2P', languages=['eng'])
2025-01-15 13:05:07,606 :: INFO :: started task BiorxivClusteringP2P(name='BiorxivClusteringP2P', languages=['eng'])
2025-01-15 13:06:46,290 :: INFO :: ended task BiorxivClusteringP2P(name='BiorxivClusteringP2P', languages=['eng'])
2025-01-15 13:06:46,290 :: INFO :: started task MedrxivClusteringP2P(name='MedrxivClusteringP2P', languages=['eng'])
2025-01-15 13:07:38,350 :: INFO :: ended task MedrxivClusteringP2P(name='MedrxivClusteringP2P', languages=['eng'])
2025-01-15 13:07:38,350 :: INFO :: started task MindSmallReranking(name='MindSmallReranking', languages=['eng'])
2025-01-15 13:11:31,241 :: INFO :: ended task MindSmallReranking(name='MindSmallReranking', languages=['eng'])
2025-01-15 13:11:31,241 :: INFO :: started task RedditClusteringP2P(name='RedditClusteringP2P', languages=['eng'])
2025-01-15 13:16:36,398 :: INFO :: ended task RedditClusteringP2P(name='RedditClusteringP2P', languages=['eng'])
2025-01-15 13:16:36,399 :: INFO :: started task SCIDOCS(name='SCIDOCS', languages=['eng'])
2025-01-15 13:17:04,716 :: INFO :: ended task SCIDOCS(name='SCIDOCS', languages=['eng'])
2025-01-15 13:17:04,717 :: INFO :: started task SciDocsReranking(name='SciDocsRR', languages=['eng'])
2025-01-15 13:17:40,785 :: INFO :: ended task SciDocsReranking(name='SciDocsRR', languages=['eng'])
2025-01-15 13:17:40,785 :: INFO :: started task StackExchangeClusteringP2P(name='StackExchangeClusteringP2P', languages=['eng'])
2025-01-15 13:18:54,288 :: INFO :: ended task StackExchangeClusteringP2P(name='StackExchangeClusteringP2P', languages=['eng'])
2025-01-15 13:18:54,288 :: INFO :: started task STS15STS(name='STS15', languages=['eng'])
2025-01-15 13:18:55,918 :: INFO :: ended task STS15STS(name='STS15', languages=['eng'])
2025-01-15 13:18:55,918 :: INFO :: started task STS16STS(name='STS16', languages=['eng'])
2025-01-15 13:18:56,998 :: INFO :: ended task STS16STS(name='STS16', languages=['eng'])
2025-01-15 13:18:56,998 :: INFO :: started task STSBenchmarkSTS(name='STSBenchmark', languages=['eng'])
2025-01-15 13:18:58,099 :: INFO :: ended task STSBenchmarkSTS(name='STSBenchmark', languages=['eng'])
2025-01-15 13:18:58,099 :: INFO :: started task ArguAna(name='ArguAna', languages=['eng'])
2025-01-15 13:19:05,701 :: INFO :: ended task ArguAna(name='ArguAna', languages=['eng'])
2025-01-15 13:19:05,702 :: INFO :: started task ArxivClusteringP2P(name='ArxivClusteringP2P', languages=['eng'])
2025-01-15 13:23:39,894 :: INFO :: ended task ArxivClusteringP2P(name='ArxivClusteringP2P', languages=['eng'])
2025-01-15 13:23:39,895 :: INFO :: started task BiorxivClusteringP2P(name='BiorxivClusteringP2P', languages=['eng'])
2025-01-15 13:24:25,487 :: INFO :: ended task BiorxivClusteringP2P(name='BiorxivClusteringP2P', languages=['eng'])
2025-01-15 13:24:25,487 :: INFO :: started task MedrxivClusteringP2P(name='MedrxivClusteringP2P', languages=['eng'])
2025-01-15 13:24:54,658 :: INFO :: ended task MedrxivClusteringP2P(name='MedrxivClusteringP2P', languages=['eng'])
2025-01-15 13:24:54,658 :: INFO :: started task MindSmallReranking(name='MindSmallReranking', languages=['eng'])
2025-01-15 13:28:01,327 :: INFO :: ended task MindSmallReranking(name='MindSmallReranking', languages=['eng'])
2025-01-15 13:28:01,327 :: INFO :: started task RedditClusteringP2P(name='RedditClusteringP2P', languages=['eng'])
2025-01-15 13:30:33,737 :: INFO :: ended task RedditClusteringP2P(name='RedditClusteringP2P', languages=['eng'])
2025-01-15 13:30:33,737 :: INFO :: started task SCIDOCS(name='SCIDOCS', languages=['eng'])
2025-01-15 13:30:48,505 :: INFO :: ended task SCIDOCS(name='SCIDOCS', languages=['eng'])
2025-01-15 13:30:48,505 :: INFO :: started task SciDocsReranking(name='SciDocsRR', languages=['eng'])
2025-01-15 13:37:40,069 :: INFO :: logger set up successfully
2025-01-15 13:37:40,072 :: INFO :: started task ArguAna(name='ArguAna', languages=['eng'])
2025-01-15 13:37:40,541 :: INFO :: ended task ArguAna(name='ArguAna', languages=['eng'])
2025-01-15 13:37:40,542 :: INFO :: started task ArxivClusteringP2P(name='ArxivClusteringP2P', languages=['eng'])
2025-01-15 13:37:41,007 :: INFO :: ended task ArxivClusteringP2P(name='ArxivClusteringP2P', languages=['eng'])
2025-01-15 13:37:41,007 :: INFO :: started task BiorxivClusteringP2P(name='BiorxivClusteringP2P', languages=['eng'])
2025-01-15 13:37:41,481 :: INFO :: ended task BiorxivClusteringP2P(name='BiorxivClusteringP2P', languages=['eng'])
2025-01-15 13:37:41,481 :: INFO :: started task MedrxivClusteringP2P(name='MedrxivClusteringP2P', languages=['eng'])
2025-01-15 13:37:41,939 :: INFO :: ended task MedrxivClusteringP2P(name='MedrxivClusteringP2P', languages=['eng'])
2025-01-15 13:37:41,939 :: INFO :: started task MindSmallReranking(name='MindSmallReranking', languages=['eng'])
2025-01-15 13:37:42,394 :: INFO :: ended task MindSmallReranking(name='MindSmallReranking', languages=['eng'])
2025-01-15 13:37:42,395 :: INFO :: started task RedditClusteringP2P(name='RedditClusteringP2P', languages=['eng'])
2025-01-15 13:37:42,907 :: INFO :: ended task RedditClusteringP2P(name='RedditClusteringP2P', languages=['eng'])
2025-01-15 13:37:42,907 :: INFO :: started task SCIDOCS(name='SCIDOCS', languages=['eng'])
2025-01-15 13:37:43,357 :: INFO :: ended task SCIDOCS(name='SCIDOCS', languages=['eng'])
2025-01-15 13:37:43,358 :: INFO :: started task SciDocsReranking(name='SciDocsRR', languages=['eng'])
2025-01-15 13:37:43,809 :: INFO :: ended task SciDocsReranking(name='SciDocsRR', languages=['eng'])
2025-01-15 13:37:43,809 :: INFO :: started task StackExchangeClusteringP2P(name='StackExchangeClusteringP2P', languages=['eng'])
2025-01-15 13:37:44,293 :: INFO :: ended task StackExchangeClusteringP2P(name='StackExchangeClusteringP2P', languages=['eng'])
2025-01-15 13:37:44,293 :: INFO :: started task STS15STS(name='STS15', languages=['eng'])
2025-01-15 13:37:44,720 :: INFO :: ended task STS15STS(name='STS15', languages=['eng'])
2025-01-15 13:37:44,720 :: INFO :: started task STS16STS(name='STS16', languages=['eng'])
2025-01-15 13:37:45,145 :: INFO :: ended task STS16STS(name='STS16', languages=['eng'])
2025-01-15 13:37:45,146 :: INFO :: started task STSBenchmarkSTS(name='STSBenchmark', languages=['eng'])
2025-01-15 13:37:45,639 :: INFO :: ended task STSBenchmarkSTS(name='STSBenchmark', languages=['eng'])
2025-01-15 13:37:45,639 :: INFO :: started task ArguAna(name='ArguAna', languages=['eng'])
2025-01-15 13:37:46,039 :: INFO :: ended task ArguAna(name='ArguAna', languages=['eng'])
2025-01-15 13:37:46,039 :: INFO :: started task ArxivClusteringP2P(name='ArxivClusteringP2P', languages=['eng'])
2025-01-15 13:37:46,436 :: INFO :: ended task ArxivClusteringP2P(name='ArxivClusteringP2P', languages=['eng'])
2025-01-15 13:37:46,436 :: INFO :: started task BiorxivClusteringP2P(name='BiorxivClusteringP2P', languages=['eng'])
2025-01-15 13:37:46,844 :: INFO :: ended task BiorxivClusteringP2P(name='BiorxivClusteringP2P', languages=['eng'])
2025-01-15 13:37:46,844 :: INFO :: started task MedrxivClusteringP2P(name='MedrxivClusteringP2P', languages=['eng'])
2025-01-15 13:37:47,241 :: INFO :: ended task MedrxivClusteringP2P(name='MedrxivClusteringP2P', languages=['eng'])
2025-01-15 13:37:47,241 :: INFO :: started task MindSmallReranking(name='MindSmallReranking', languages=['eng'])
2025-01-15 13:37:47,653 :: INFO :: ended task MindSmallReranking(name='MindSmallReranking', languages=['eng'])
2025-01-15 13:37:47,653 :: INFO :: started task RedditClusteringP2P(name='RedditClusteringP2P', languages=['eng'])
2025-01-15 13:37:48,053 :: INFO :: ended task RedditClusteringP2P(name='RedditClusteringP2P', languages=['eng'])
2025-01-15 13:37:48,053 :: INFO :: started task SCIDOCS(name='SCIDOCS', languages=['eng'])
2025-01-15 13:37:48,452 :: INFO :: ended task SCIDOCS(name='SCIDOCS', languages=['eng'])
2025-01-15 13:37:48,452 :: INFO :: started task SciDocsReranking(name='SciDocsRR', languages=['eng'])
2025-01-15 13:37:48,854 :: INFO :: ended task SciDocsReranking(name='SciDocsRR', languages=['eng'])
2025-01-15 13:37:48,854 :: INFO :: started task StackExchangeClusteringP2P(name='StackExchangeClusteringP2P', languages=['eng'])
2025-01-15 13:37:49,252 :: INFO :: ended task StackExchangeClusteringP2P(name='StackExchangeClusteringP2P', languages=['eng'])
2025-01-15 13:37:49,252 :: INFO :: started task STS15STS(name='STS15', languages=['eng'])
2025-01-15 13:37:49,652 :: INFO :: ended task STS15STS(name='STS15', languages=['eng'])
2025-01-15 13:37:49,652 :: INFO :: started task STS16STS(name='STS16', languages=['eng'])
2025-01-15 13:37:50,050 :: INFO :: ended task STS16STS(name='STS16', languages=['eng'])
2025-01-15 13:37:50,050 :: INFO :: started task STSBenchmarkSTS(name='STSBenchmark', languages=['eng'])
2025-01-15 13:37:50,449 :: INFO :: ended task STSBenchmarkSTS(name='STSBenchmark', languages=['eng'])
2025-01-15 13:37:50,450 :: INFO :: started task ArguAna(name='ArguAna', languages=['eng'])
2025-01-15 13:37:50,899 :: INFO :: ended task ArguAna(name='ArguAna', languages=['eng'])
2025-01-15 13:37:50,899 :: INFO :: started task ArxivClusteringP2P(name='ArxivClusteringP2P', languages=['eng'])
2025-01-15 13:37:51,293 :: INFO :: ended task ArxivClusteringP2P(name='ArxivClusteringP2P', languages=['eng'])
2025-01-15 13:37:51,293 :: INFO :: started task BiorxivClusteringP2P(name='BiorxivClusteringP2P', languages=['eng'])
2025-01-15 13:37:51,686 :: INFO :: ended task BiorxivClusteringP2P(name='BiorxivClusteringP2P', languages=['eng'])
2025-01-15 13:37:51,686 :: INFO :: started task MedrxivClusteringP2P(name='MedrxivClusteringP2P', languages=['eng'])
2025-01-15 13:37:52,081 :: INFO :: ended task MedrxivClusteringP2P(name='MedrxivClusteringP2P', languages=['eng'])
2025-01-15 13:37:52,081 :: INFO :: started task MindSmallReranking(name='MindSmallReranking', languages=['eng'])
2025-01-15 13:37:52,512 :: INFO :: ended task MindSmallReranking(name='MindSmallReranking', languages=['eng'])
2025-01-15 13:37:52,512 :: INFO :: started task RedditClusteringP2P(name='RedditClusteringP2P', languages=['eng'])
2025-01-15 13:37:52,948 :: INFO :: ended task RedditClusteringP2P(name='RedditClusteringP2P', languages=['eng'])
2025-01-15 13:37:52,948 :: INFO :: started task SCIDOCS(name='SCIDOCS', languages=['eng'])
2025-01-15 13:37:53,560 :: INFO :: ended task SCIDOCS(name='SCIDOCS', languages=['eng'])
2025-01-15 13:37:53,560 :: INFO :: started task SciDocsReranking(name='SciDocsRR', languages=['eng'])
2025-01-15 13:37:54,081 :: INFO :: ended task SciDocsReranking(name='SciDocsRR', languages=['eng'])
2025-01-15 13:37:54,081 :: INFO :: started task StackExchangeClusteringP2P(name='StackExchangeClusteringP2P', languages=['eng'])
2025-01-15 13:37:54,465 :: INFO :: ended task StackExchangeClusteringP2P(name='StackExchangeClusteringP2P', languages=['eng'])
2025-01-15 13:37:54,466 :: INFO :: started task STS15STS(name='STS15', languages=['eng'])
2025-01-15 13:37:54,879 :: INFO :: ended task STS15STS(name='STS15', languages=['eng'])
2025-01-15 13:37:54,879 :: INFO :: started task STS16STS(name='STS16', languages=['eng'])
2025-01-15 13:37:55,326 :: INFO :: ended task STS16STS(name='STS16', languages=['eng'])
2025-01-15 13:37:55,326 :: INFO :: started task STSBenchmarkSTS(name='STSBenchmark', languages=['eng'])
2025-01-15 13:37:55,704 :: INFO :: ended task STSBenchmarkSTS(name='STSBenchmark', languages=['eng'])
2025-01-15 13:37:55,704 :: INFO :: started task ArguAna(name='ArguAna', languages=['eng'])
2025-01-15 13:37:56,090 :: INFO :: ended task ArguAna(name='ArguAna', languages=['eng'])
2025-01-15 13:37:56,091 :: INFO :: started task ArxivClusteringP2P(name='ArxivClusteringP2P', languages=['eng'])
2025-01-15 13:37:56,472 :: INFO :: ended task ArxivClusteringP2P(name='ArxivClusteringP2P', languages=['eng'])
2025-01-15 13:37:56,472 :: INFO :: started task BiorxivClusteringP2P(name='BiorxivClusteringP2P', languages=['eng'])
2025-01-15 13:37:56,920 :: INFO :: ended task BiorxivClusteringP2P(name='BiorxivClusteringP2P', languages=['eng'])
2025-01-15 13:37:56,920 :: INFO :: started task MedrxivClusteringP2P(name='MedrxivClusteringP2P', languages=['eng'])
2025-01-15 13:37:57,286 :: INFO :: ended task MedrxivClusteringP2P(name='MedrxivClusteringP2P', languages=['eng'])
2025-01-15 13:37:57,286 :: INFO :: started task MindSmallReranking(name='MindSmallReranking', languages=['eng'])
2025-01-15 13:37:57,650 :: INFO :: ended task MindSmallReranking(name='MindSmallReranking', languages=['eng'])
2025-01-15 13:37:57,650 :: INFO :: started task RedditClusteringP2P(name='RedditClusteringP2P', languages=['eng'])
2025-01-15 13:37:58,017 :: INFO :: ended task RedditClusteringP2P(name='RedditClusteringP2P', languages=['eng'])
2025-01-15 13:37:58,017 :: INFO :: started task SCIDOCS(name='SCIDOCS', languages=['eng'])
2025-01-15 13:37:58,416 :: INFO :: ended task SCIDOCS(name='SCIDOCS', languages=['eng'])
2025-01-15 13:37:58,416 :: INFO :: started task SciDocsReranking(name='SciDocsRR', languages=['eng'])
2025-01-15 13:37:58,779 :: INFO :: ended task SciDocsReranking(name='SciDocsRR', languages=['eng'])
2025-01-15 13:37:58,779 :: INFO :: started task StackExchangeClusteringP2P(name='StackExchangeClusteringP2P', languages=['eng'])
2025-01-15 13:37:59,141 :: INFO :: ended task StackExchangeClusteringP2P(name='StackExchangeClusteringP2P', languages=['eng'])
2025-01-15 13:37:59,141 :: INFO :: started task STS15STS(name='STS15', languages=['eng'])
2025-01-15 13:37:59,506 :: INFO :: ended task STS15STS(name='STS15', languages=['eng'])
2025-01-15 13:37:59,506 :: INFO :: started task STS16STS(name='STS16', languages=['eng'])
2025-01-15 13:37:59,868 :: INFO :: ended task STS16STS(name='STS16', languages=['eng'])
2025-01-15 13:37:59,868 :: INFO :: started task STSBenchmarkSTS(name='STSBenchmark', languages=['eng'])
2025-01-15 13:38:00,232 :: INFO :: ended task STSBenchmarkSTS(name='STSBenchmark', languages=['eng'])
2025-01-15 13:38:00,233 :: INFO :: started task ArguAna(name='ArguAna', languages=['eng'])
2025-01-15 13:38:00,603 :: INFO :: ended task ArguAna(name='ArguAna', languages=['eng'])
2025-01-15 13:38:00,603 :: INFO :: started task ArxivClusteringP2P(name='ArxivClusteringP2P', languages=['eng'])
2025-01-15 13:38:00,967 :: INFO :: ended task ArxivClusteringP2P(name='ArxivClusteringP2P', languages=['eng'])
2025-01-15 13:38:00,967 :: INFO :: started task BiorxivClusteringP2P(name='BiorxivClusteringP2P', languages=['eng'])
2025-01-15 13:38:01,330 :: INFO :: ended task BiorxivClusteringP2P(name='BiorxivClusteringP2P', languages=['eng'])
2025-01-15 13:38:01,330 :: INFO :: started task MedrxivClusteringP2P(name='MedrxivClusteringP2P', languages=['eng'])
2025-01-15 13:38:01,839 :: INFO :: ended task MedrxivClusteringP2P(name='MedrxivClusteringP2P', languages=['eng'])
2025-01-15 13:38:01,839 :: INFO :: started task MindSmallReranking(name='MindSmallReranking', languages=['eng'])
2025-01-15 13:38:02,315 :: INFO :: ended task MindSmallReranking(name='MindSmallReranking', languages=['eng'])
2025-01-15 13:38:02,315 :: INFO :: started task RedditClusteringP2P(name='RedditClusteringP2P', languages=['eng'])
2025-01-15 13:38:02,723 :: INFO :: ended task RedditClusteringP2P(name='RedditClusteringP2P', languages=['eng'])
2025-01-15 13:38:02,724 :: INFO :: started task SCIDOCS(name='SCIDOCS', languages=['eng'])
2025-01-15 13:38:03,128 :: INFO :: ended task SCIDOCS(name='SCIDOCS', languages=['eng'])
2025-01-15 13:38:03,128 :: INFO :: started task SciDocsReranking(name='SciDocsRR', languages=['eng'])
2025-01-15 13:38:03,505 :: INFO :: ended task SciDocsReranking(name='SciDocsRR', languages=['eng'])
2025-01-15 13:38:03,505 :: INFO :: started task StackExchangeClusteringP2P(name='StackExchangeClusteringP2P', languages=['eng'])
2025-01-15 13:38:03,897 :: INFO :: ended task StackExchangeClusteringP2P(name='StackExchangeClusteringP2P', languages=['eng'])
2025-01-15 13:38:03,897 :: INFO :: started task STS15STS(name='STS15', languages=['eng'])
2025-01-15 13:38:04,311 :: INFO :: ended task STS15STS(name='STS15', languages=['eng'])
2025-01-15 13:38:04,311 :: INFO :: started task STS16STS(name='STS16', languages=['eng'])
2025-01-15 13:38:04,687 :: INFO :: ended task STS16STS(name='STS16', languages=['eng'])
2025-01-15 13:38:04,687 :: INFO :: started task STSBenchmarkSTS(name='STSBenchmark', languages=['eng'])
2025-01-15 13:38:05,054 :: INFO :: ended task STSBenchmarkSTS(name='STSBenchmark', languages=['eng'])
2025-01-15 13:38:05,054 :: INFO :: started task ArguAna(name='ArguAna', languages=['eng'])
2025-01-15 13:38:05,439 :: INFO :: ended task ArguAna(name='ArguAna', languages=['eng'])
2025-01-15 13:38:05,439 :: INFO :: started task ArxivClusteringP2P(name='ArxivClusteringP2P', languages=['eng'])
2025-01-15 13:38:05,805 :: INFO :: ended task ArxivClusteringP2P(name='ArxivClusteringP2P', languages=['eng'])
2025-01-15 13:38:05,805 :: INFO :: started task BiorxivClusteringP2P(name='BiorxivClusteringP2P', languages=['eng'])
2025-01-15 13:38:06,205 :: INFO :: ended task BiorxivClusteringP2P(name='BiorxivClusteringP2P', languages=['eng'])
2025-01-15 13:38:06,205 :: INFO :: started task MedrxivClusteringP2P(name='MedrxivClusteringP2P', languages=['eng'])
2025-01-15 13:38:06,569 :: INFO :: ended task MedrxivClusteringP2P(name='MedrxivClusteringP2P', languages=['eng'])
2025-01-15 13:38:06,569 :: INFO :: started task MindSmallReranking(name='MindSmallReranking', languages=['eng'])
2025-01-15 13:38:06,940 :: INFO :: ended task MindSmallReranking(name='MindSmallReranking', languages=['eng'])
2025-01-15 13:38:06,940 :: INFO :: started task RedditClusteringP2P(name='RedditClusteringP2P', languages=['eng'])
2025-01-15 13:38:07,302 :: INFO :: ended task RedditClusteringP2P(name='RedditClusteringP2P', languages=['eng'])
2025-01-15 13:38:07,302 :: INFO :: started task SCIDOCS(name='SCIDOCS', languages=['eng'])
2025-01-15 13:38:07,679 :: INFO :: ended task SCIDOCS(name='SCIDOCS', languages=['eng'])
2025-01-15 13:38:07,679 :: INFO :: started task SciDocsReranking(name='SciDocsRR', languages=['eng'])
2025-01-15 13:38:08,052 :: INFO :: ended task SciDocsReranking(name='SciDocsRR', languages=['eng'])
2025-01-15 13:38:08,052 :: INFO :: started task StackExchangeClusteringP2P(name='StackExchangeClusteringP2P', languages=['eng'])
2025-01-15 13:38:08,415 :: INFO :: ended task StackExchangeClusteringP2P(name='StackExchangeClusteringP2P', languages=['eng'])
2025-01-15 13:38:08,415 :: INFO :: started task STS15STS(name='STS15', languages=['eng'])
2025-01-15 13:38:08,811 :: INFO :: ended task STS15STS(name='STS15', languages=['eng'])
2025-01-15 13:38:08,811 :: INFO :: started task STS16STS(name='STS16', languages=['eng'])
2025-01-15 13:38:09,180 :: INFO :: ended task STS16STS(name='STS16', languages=['eng'])
2025-01-15 13:38:09,180 :: INFO :: started task STSBenchmarkSTS(name='STSBenchmark', languages=['eng'])
2025-01-15 13:38:09,543 :: INFO :: ended task STSBenchmarkSTS(name='STSBenchmark', languages=['eng'])
2025-01-15 13:38:09,543 :: INFO :: started task ArguAna(name='ArguAna', languages=['eng'])
2025-01-15 13:38:09,913 :: INFO :: ended task ArguAna(name='ArguAna', languages=['eng'])
2025-01-15 13:38:09,913 :: INFO :: started task ArxivClusteringP2P(name='ArxivClusteringP2P', languages=['eng'])
2025-01-15 13:38:10,276 :: INFO :: ended task ArxivClusteringP2P(name='ArxivClusteringP2P', languages=['eng'])
2025-01-15 13:38:10,276 :: INFO :: started task BiorxivClusteringP2P(name='BiorxivClusteringP2P', languages=['eng'])
2025-01-15 13:38:10,639 :: INFO :: ended task BiorxivClusteringP2P(name='BiorxivClusteringP2P', languages=['eng'])
2025-01-15 13:38:10,639 :: INFO :: started task MedrxivClusteringP2P(name='MedrxivClusteringP2P', languages=['eng'])
2025-01-15 13:38:11,001 :: INFO :: ended task MedrxivClusteringP2P(name='MedrxivClusteringP2P', languages=['eng'])
2025-01-15 13:38:11,001 :: INFO :: started task MindSmallReranking(name='MindSmallReranking', languages=['eng'])
2025-01-15 13:38:11,368 :: INFO :: ended task MindSmallReranking(name='MindSmallReranking', languages=['eng'])
2025-01-15 13:38:11,368 :: INFO :: started task RedditClusteringP2P(name='RedditClusteringP2P', languages=['eng'])
2025-01-15 13:38:11,752 :: INFO :: ended task RedditClusteringP2P(name='RedditClusteringP2P', languages=['eng'])
2025-01-15 13:38:11,752 :: INFO :: started task SCIDOCS(name='SCIDOCS', languages=['eng'])
2025-01-15 13:38:12,114 :: INFO :: ended task SCIDOCS(name='SCIDOCS', languages=['eng'])
2025-01-15 13:38:12,114 :: INFO :: started task SciDocsReranking(name='SciDocsRR', languages=['eng'])
2025-01-15 13:38:12,476 :: INFO :: ended task SciDocsReranking(name='SciDocsRR', languages=['eng'])
2025-01-15 13:38:12,476 :: INFO :: started task StackExchangeClusteringP2P(name='StackExchangeClusteringP2P', languages=['eng'])
2025-01-15 13:38:12,838 :: INFO :: ended task StackExchangeClusteringP2P(name='StackExchangeClusteringP2P', languages=['eng'])
2025-01-15 13:38:12,838 :: INFO :: started task STS15STS(name='STS15', languages=['eng'])
2025-01-15 13:38:13,230 :: INFO :: ended task STS15STS(name='STS15', languages=['eng'])
2025-01-15 13:38:13,230 :: INFO :: started task STS16STS(name='STS16', languages=['eng'])
2025-01-15 13:38:13,602 :: INFO :: ended task STS16STS(name='STS16', languages=['eng'])
2025-01-15 13:38:13,602 :: INFO :: started task STSBenchmarkSTS(name='STSBenchmark', languages=['eng'])
2025-01-15 13:38:13,965 :: INFO :: ended task STSBenchmarkSTS(name='STSBenchmark', languages=['eng'])
2025-01-15 13:38:13,965 :: INFO :: started task ArguAna(name='ArguAna', languages=['eng'])
2025-01-15 13:38:14,327 :: INFO :: ended task ArguAna(name='ArguAna', languages=['eng'])
2025-01-15 13:38:14,327 :: INFO :: started task ArxivClusteringP2P(name='ArxivClusteringP2P', languages=['eng'])
2025-01-15 13:38:14,690 :: INFO :: ended task ArxivClusteringP2P(name='ArxivClusteringP2P', languages=['eng'])
2025-01-15 13:38:14,691 :: INFO :: started task BiorxivClusteringP2P(name='BiorxivClusteringP2P', languages=['eng'])
2025-01-15 13:38:15,061 :: INFO :: ended task BiorxivClusteringP2P(name='BiorxivClusteringP2P', languages=['eng'])
2025-01-15 13:38:15,061 :: INFO :: started task MedrxivClusteringP2P(name='MedrxivClusteringP2P', languages=['eng'])
2025-01-15 13:38:15,423 :: INFO :: ended task MedrxivClusteringP2P(name='MedrxivClusteringP2P', languages=['eng'])
2025-01-15 13:38:15,423 :: INFO :: started task MindSmallReranking(name='MindSmallReranking', languages=['eng'])
2025-01-15 13:38:15,786 :: INFO :: ended task MindSmallReranking(name='MindSmallReranking', languages=['eng'])
2025-01-15 13:38:15,786 :: INFO :: started task RedditClusteringP2P(name='RedditClusteringP2P', languages=['eng'])
2025-01-15 13:38:16,148 :: INFO :: ended task RedditClusteringP2P(name='RedditClusteringP2P', languages=['eng'])
2025-01-15 13:38:16,148 :: INFO :: started task SCIDOCS(name='SCIDOCS', languages=['eng'])
2025-01-15 13:38:16,511 :: INFO :: ended task SCIDOCS(name='SCIDOCS', languages=['eng'])
2025-01-15 13:38:16,511 :: INFO :: started task SciDocsReranking(name='SciDocsRR', languages=['eng'])
2025-01-15 13:38:16,876 :: INFO :: ended task SciDocsReranking(name='SciDocsRR', languages=['eng'])
2025-01-15 13:38:16,876 :: INFO :: started task StackExchangeClusteringP2P(name='StackExchangeClusteringP2P', languages=['eng'])
2025-01-15 13:38:17,244 :: INFO :: ended task StackExchangeClusteringP2P(name='StackExchangeClusteringP2P', languages=['eng'])
2025-01-15 13:38:17,244 :: INFO :: started task STS15STS(name='STS15', languages=['eng'])
2025-01-15 13:38:17,631 :: INFO :: ended task STS15STS(name='STS15', languages=['eng'])
2025-01-15 13:38:17,631 :: INFO :: started task STS16STS(name='STS16', languages=['eng'])
2025-01-15 13:38:17,994 :: INFO :: ended task STS16STS(name='STS16', languages=['eng'])
2025-01-15 13:38:17,994 :: INFO :: started task STSBenchmarkSTS(name='STSBenchmark', languages=['eng'])
2025-01-15 13:38:18,356 :: INFO :: ended task STSBenchmarkSTS(name='STSBenchmark', languages=['eng'])
2025-01-15 13:38:18,356 :: INFO :: started task ArguAna(name='ArguAna', languages=['eng'])
2025-01-15 13:38:18,719 :: INFO :: ended task ArguAna(name='ArguAna', languages=['eng'])
2025-01-15 13:38:18,719 :: INFO :: started task ArxivClusteringP2P(name='ArxivClusteringP2P', languages=['eng'])
2025-01-15 13:38:19,081 :: INFO :: ended task ArxivClusteringP2P(name='ArxivClusteringP2P', languages=['eng'])
2025-01-15 13:38:19,081 :: INFO :: started task BiorxivClusteringP2P(name='BiorxivClusteringP2P', languages=['eng'])
2025-01-15 13:38:19,444 :: INFO :: ended task BiorxivClusteringP2P(name='BiorxivClusteringP2P', languages=['eng'])
2025-01-15 13:38:19,444 :: INFO :: started task MedrxivClusteringP2P(name='MedrxivClusteringP2P', languages=['eng'])
2025-01-15 13:38:19,807 :: INFO :: ended task MedrxivClusteringP2P(name='MedrxivClusteringP2P', languages=['eng'])
2025-01-15 13:38:19,807 :: INFO :: started task MindSmallReranking(name='MindSmallReranking', languages=['eng'])
2025-01-15 13:38:20,178 :: INFO :: ended task MindSmallReranking(name='MindSmallReranking', languages=['eng'])
2025-01-15 13:38:20,178 :: INFO :: started task RedditClusteringP2P(name='RedditClusteringP2P', languages=['eng'])
2025-01-15 13:38:20,571 :: INFO :: ended task RedditClusteringP2P(name='RedditClusteringP2P', languages=['eng'])
2025-01-15 13:38:20,571 :: INFO :: started task SCIDOCS(name='SCIDOCS', languages=['eng'])
2025-01-15 13:38:20,933 :: INFO :: ended task SCIDOCS(name='SCIDOCS', languages=['eng'])
2025-01-15 13:38:20,933 :: INFO :: started task SciDocsReranking(name='SciDocsRR', languages=['eng'])
2025-01-15 13:38:21,294 :: INFO :: ended task SciDocsReranking(name='SciDocsRR', languages=['eng'])
2025-01-15 13:38:21,294 :: INFO :: started task StackExchangeClusteringP2P(name='StackExchangeClusteringP2P', languages=['eng'])
2025-01-15 13:38:21,657 :: INFO :: ended task StackExchangeClusteringP2P(name='StackExchangeClusteringP2P', languages=['eng'])
2025-01-15 13:38:21,657 :: INFO :: started task STS15STS(name='STS15', languages=['eng'])
2025-01-15 13:38:22,019 :: INFO :: ended task STS15STS(name='STS15', languages=['eng'])
2025-01-15 13:38:22,019 :: INFO :: started task STS16STS(name='STS16', languages=['eng'])
2025-01-15 13:38:22,380 :: INFO :: ended task STS16STS(name='STS16', languages=['eng'])
2025-01-15 13:38:22,380 :: INFO :: started task STSBenchmarkSTS(name='STSBenchmark', languages=['eng'])
2025-01-15 13:38:22,744 :: INFO :: ended task STSBenchmarkSTS(name='STSBenchmark', languages=['eng'])
2025-01-15 13:38:22,744 :: INFO :: started task ArguAna(name='ArguAna', languages=['eng'])
2025-01-15 13:38:23,113 :: INFO :: ended task ArguAna(name='ArguAna', languages=['eng'])
2025-01-15 13:38:23,113 :: INFO :: started task ArxivClusteringP2P(name='ArxivClusteringP2P', languages=['eng'])
2025-01-15 13:38:23,475 :: INFO :: ended task ArxivClusteringP2P(name='ArxivClusteringP2P', languages=['eng'])
2025-01-15 13:38:23,475 :: INFO :: started task BiorxivClusteringP2P(name='BiorxivClusteringP2P', languages=['eng'])
2025-01-15 13:38:23,838 :: INFO :: ended task BiorxivClusteringP2P(name='BiorxivClusteringP2P', languages=['eng'])
2025-01-15 13:38:23,838 :: INFO :: started task MedrxivClusteringP2P(name='MedrxivClusteringP2P', languages=['eng'])
2025-01-15 13:38:24,199 :: INFO :: ended task MedrxivClusteringP2P(name='MedrxivClusteringP2P', languages=['eng'])
2025-01-15 13:38:24,199 :: INFO :: started task MindSmallReranking(name='MindSmallReranking', languages=['eng'])
2025-01-15 13:38:24,561 :: INFO :: ended task MindSmallReranking(name='MindSmallReranking', languages=['eng'])
2025-01-15 13:38:24,562 :: INFO :: started task RedditClusteringP2P(name='RedditClusteringP2P', languages=['eng'])
2025-01-15 13:38:24,923 :: INFO :: ended task RedditClusteringP2P(name='RedditClusteringP2P', languages=['eng'])
2025-01-15 13:38:24,923 :: INFO :: started task SCIDOCS(name='SCIDOCS', languages=['eng'])
2025-01-15 13:38:25,285 :: INFO :: ended task SCIDOCS(name='SCIDOCS', languages=['eng'])
2025-01-15 13:38:25,285 :: INFO :: started task SciDocsReranking(name='SciDocsRR', languages=['eng'])
2025-01-15 13:38:25,647 :: INFO :: ended task SciDocsReranking(name='SciDocsRR', languages=['eng'])
2025-01-15 13:38:25,647 :: INFO :: started task StackExchangeClusteringP2P(name='StackExchangeClusteringP2P', languages=['eng'])
2025-01-15 13:38:26,010 :: INFO :: ended task StackExchangeClusteringP2P(name='StackExchangeClusteringP2P', languages=['eng'])
2025-01-15 13:38:26,010 :: INFO :: started task STS15STS(name='STS15', languages=['eng'])
2025-01-15 13:38:26,372 :: INFO :: ended task STS15STS(name='STS15', languages=['eng'])
2025-01-15 13:38:26,372 :: INFO :: started task STS16STS(name='STS16', languages=['eng'])
2025-01-15 13:38:26,733 :: INFO :: ended task STS16STS(name='STS16', languages=['eng'])
2025-01-15 13:38:26,733 :: INFO :: started task STSBenchmarkSTS(name='STSBenchmark', languages=['eng'])
2025-01-15 13:38:27,102 :: INFO :: ended task STSBenchmarkSTS(name='STSBenchmark', languages=['eng'])
2025-01-15 13:38:27,102 :: INFO :: started task ArguAna(name='ArguAna', languages=['eng'])
2025-01-15 13:38:27,486 :: INFO :: ended task ArguAna(name='ArguAna', languages=['eng'])
2025-01-15 13:38:27,486 :: INFO :: started task ArxivClusteringP2P(name='ArxivClusteringP2P', languages=['eng'])
2025-01-15 13:38:27,848 :: INFO :: ended task ArxivClusteringP2P(name='ArxivClusteringP2P', languages=['eng'])
2025-01-15 13:38:27,848 :: INFO :: started task BiorxivClusteringP2P(name='BiorxivClusteringP2P', languages=['eng'])
2025-01-15 13:38:28,209 :: INFO :: ended task BiorxivClusteringP2P(name='BiorxivClusteringP2P', languages=['eng'])
2025-01-15 13:38:28,210 :: INFO :: started task MedrxivClusteringP2P(name='MedrxivClusteringP2P', languages=['eng'])
2025-01-15 13:38:28,570 :: INFO :: ended task MedrxivClusteringP2P(name='MedrxivClusteringP2P', languages=['eng'])
2025-01-15 13:38:28,571 :: INFO :: started task MindSmallReranking(name='MindSmallReranking', languages=['eng'])
2025-01-15 13:38:28,933 :: INFO :: ended task MindSmallReranking(name='MindSmallReranking', languages=['eng'])
2025-01-15 13:38:28,933 :: INFO :: started task RedditClusteringP2P(name='RedditClusteringP2P', languages=['eng'])
2025-01-15 13:38:29,294 :: INFO :: ended task RedditClusteringP2P(name='RedditClusteringP2P', languages=['eng'])
2025-01-15 13:38:29,294 :: INFO :: started task SCIDOCS(name='SCIDOCS', languages=['eng'])
2025-01-15 13:38:29,657 :: INFO :: ended task SCIDOCS(name='SCIDOCS', languages=['eng'])
2025-01-15 13:38:29,657 :: INFO :: started task SciDocsReranking(name='SciDocsRR', languages=['eng'])
2025-01-15 13:38:30,019 :: INFO :: ended task SciDocsReranking(name='SciDocsRR', languages=['eng'])
2025-01-15 13:38:30,019 :: INFO :: started task StackExchangeClusteringP2P(name='StackExchangeClusteringP2P', languages=['eng'])
2025-01-15 13:38:30,381 :: INFO :: ended task StackExchangeClusteringP2P(name='StackExchangeClusteringP2P', languages=['eng'])
2025-01-15 13:38:30,381 :: INFO :: started task STS15STS(name='STS15', languages=['eng'])
2025-01-15 13:38:30,744 :: INFO :: ended task STS15STS(name='STS15', languages=['eng'])
2025-01-15 13:38:30,744 :: INFO :: started task STS16STS(name='STS16', languages=['eng'])
2025-01-15 13:38:31,106 :: INFO :: ended task STS16STS(name='STS16', languages=['eng'])
2025-01-15 13:38:31,106 :: INFO :: started task STSBenchmarkSTS(name='STSBenchmark', languages=['eng'])
2025-01-15 13:38:31,501 :: INFO :: ended task STSBenchmarkSTS(name='STSBenchmark', languages=['eng'])
2025-01-15 13:38:31,501 :: INFO :: started task ArguAna(name='ArguAna', languages=['eng'])
2025-01-15 13:38:31,872 :: INFO :: ended task ArguAna(name='ArguAna', languages=['eng'])
2025-01-15 13:38:31,872 :: INFO :: started task ArxivClusteringP2P(name='ArxivClusteringP2P', languages=['eng'])
2025-01-15 13:38:32,233 :: INFO :: ended task ArxivClusteringP2P(name='ArxivClusteringP2P', languages=['eng'])
2025-01-15 13:38:32,234 :: INFO :: started task BiorxivClusteringP2P(name='BiorxivClusteringP2P', languages=['eng'])
2025-01-15 13:38:32,595 :: INFO :: ended task BiorxivClusteringP2P(name='BiorxivClusteringP2P', languages=['eng'])
2025-01-15 13:38:32,595 :: INFO :: started task MedrxivClusteringP2P(name='MedrxivClusteringP2P', languages=['eng'])
2025-01-15 13:38:32,957 :: INFO :: ended task MedrxivClusteringP2P(name='MedrxivClusteringP2P', languages=['eng'])
2025-01-15 13:38:32,957 :: INFO :: started task MindSmallReranking(name='MindSmallReranking', languages=['eng'])
2025-01-15 13:38:33,319 :: INFO :: ended task MindSmallReranking(name='MindSmallReranking', languages=['eng'])
2025-01-15 13:38:33,319 :: INFO :: started task RedditClusteringP2P(name='RedditClusteringP2P', languages=['eng'])
2025-01-15 13:38:33,680 :: INFO :: ended task RedditClusteringP2P(name='RedditClusteringP2P', languages=['eng'])
2025-01-15 13:38:33,680 :: INFO :: started task SCIDOCS(name='SCIDOCS', languages=['eng'])
2025-01-15 13:38:34,045 :: INFO :: ended task SCIDOCS(name='SCIDOCS', languages=['eng'])
2025-01-15 13:38:34,045 :: INFO :: started task SciDocsReranking(name='SciDocsRR', languages=['eng'])
2025-01-15 13:38:34,405 :: INFO :: ended task SciDocsReranking(name='SciDocsRR', languages=['eng'])
2025-01-15 13:38:34,405 :: INFO :: started task StackExchangeClusteringP2P(name='StackExchangeClusteringP2P', languages=['eng'])
2025-01-15 13:39:20,788 :: INFO :: ended task StackExchangeClusteringP2P(name='StackExchangeClusteringP2P', languages=['eng'])
2025-01-15 13:39:20,788 :: INFO :: started task STS15STS(name='STS15', languages=['eng'])
2025-01-15 13:39:26,967 :: INFO :: ended task STS15STS(name='STS15', languages=['eng'])
2025-01-15 13:39:26,967 :: INFO :: started task STS16STS(name='STS16', languages=['eng'])
2025-01-15 13:39:31,839 :: INFO :: ended task STS16STS(name='STS16', languages=['eng'])
2025-01-15 13:39:31,840 :: INFO :: started task STSBenchmarkSTS(name='STSBenchmark', languages=['eng'])
2025-01-15 13:39:37,312 :: INFO :: ended task STSBenchmarkSTS(name='STSBenchmark', languages=['eng'])
2025-01-15 13:39:37,312 :: INFO :: started task ArguAna(name='ArguAna', languages=['eng'])
2025-01-15 13:39:51,082 :: INFO :: ended task ArguAna(name='ArguAna', languages=['eng'])
2025-01-15 13:39:51,082 :: INFO :: started task ArxivClusteringP2P(name='ArxivClusteringP2P', languages=['eng'])
2025-01-15 13:44:43,993 :: INFO :: ended task ArxivClusteringP2P(name='ArxivClusteringP2P', languages=['eng'])
2025-01-15 13:44:43,993 :: INFO :: started task BiorxivClusteringP2P(name='BiorxivClusteringP2P', languages=['eng'])
2025-01-15 13:45:38,772 :: INFO :: ended task BiorxivClusteringP2P(name='BiorxivClusteringP2P', languages=['eng'])
2025-01-15 13:45:38,772 :: INFO :: started task MedrxivClusteringP2P(name='MedrxivClusteringP2P', languages=['eng'])
2025-01-15 13:46:13,780 :: INFO :: ended task MedrxivClusteringP2P(name='MedrxivClusteringP2P', languages=['eng'])
2025-01-15 13:46:13,780 :: INFO :: started task MindSmallReranking(name='MindSmallReranking', languages=['eng'])
2025-01-15 13:49:27,416 :: INFO :: ended task MindSmallReranking(name='MindSmallReranking', languages=['eng'])
2025-01-15 13:49:27,416 :: INFO :: started task RedditClusteringP2P(name='RedditClusteringP2P', languages=['eng'])
2025-01-15 13:52:05,903 :: INFO :: ended task RedditClusteringP2P(name='RedditClusteringP2P', languages=['eng'])
2025-01-15 13:52:05,904 :: INFO :: started task SCIDOCS(name='SCIDOCS', languages=['eng'])
2025-01-15 13:52:28,165 :: INFO :: ended task SCIDOCS(name='SCIDOCS', languages=['eng'])
2025-01-15 13:52:28,166 :: INFO :: started task SciDocsReranking(name='SciDocsRR', languages=['eng'])
2025-01-15 13:52:28,549 :: INFO :: ended task SciDocsReranking(name='SciDocsRR', languages=['eng'])
2025-01-15 13:52:28,549 :: INFO :: started task StackExchangeClusteringP2P(name='StackExchangeClusteringP2P', languages=['eng'])
2025-01-15 13:53:09,248 :: INFO :: ended task StackExchangeClusteringP2P(name='StackExchangeClusteringP2P', languages=['eng'])
2025-01-15 13:53:09,248 :: INFO :: started task STS15STS(name='STS15', languages=['eng'])
2025-01-15 13:53:09,922 :: INFO :: ended task STS15STS(name='STS15', languages=['eng'])
2025-01-15 13:53:09,923 :: INFO :: started task STS16STS(name='STS16', languages=['eng'])
2025-01-15 13:53:10,395 :: INFO :: ended task STS16STS(name='STS16', languages=['eng'])
2025-01-15 13:53:10,395 :: INFO :: started task STSBenchmarkSTS(name='STSBenchmark', languages=['eng'])
2025-01-15 13:53:10,874 :: INFO :: ended task STSBenchmarkSTS(name='STSBenchmark', languages=['eng'])
2025-01-15 13:53:10,874 :: INFO :: started task ArguAna(name='ArguAna', languages=['eng'])
2025-01-15 13:53:18,267 :: INFO :: ended task ArguAna(name='ArguAna', languages=['eng'])
2025-01-15 13:53:18,267 :: INFO :: started task ArxivClusteringP2P(name='ArxivClusteringP2P', languages=['eng'])
2025-01-15 13:57:46,041 :: INFO :: ended task ArxivClusteringP2P(name='ArxivClusteringP2P', languages=['eng'])
2025-01-15 13:57:46,041 :: INFO :: started task BiorxivClusteringP2P(name='BiorxivClusteringP2P', languages=['eng'])
2025-01-15 13:58:31,134 :: INFO :: ended task BiorxivClusteringP2P(name='BiorxivClusteringP2P', languages=['eng'])
2025-01-15 13:58:31,134 :: INFO :: started task MedrxivClusteringP2P(name='MedrxivClusteringP2P', languages=['eng'])
2025-01-15 13:58:58,759 :: INFO :: ended task MedrxivClusteringP2P(name='MedrxivClusteringP2P', languages=['eng'])
2025-01-15 13:58:58,760 :: INFO :: started task MindSmallReranking(name='MindSmallReranking', languages=['eng'])
2025-01-15 14:03:37,560 :: INFO :: logger set up successfully
2025-01-15 14:03:37,562 :: INFO :: started task ArguAna(name='ArguAna', languages=['eng'])
2025-01-15 14:03:37,930 :: INFO :: ended task ArguAna(name='ArguAna', languages=['eng'])
2025-01-15 14:03:37,930 :: INFO :: started task ArxivClusteringP2P(name='ArxivClusteringP2P', languages=['eng'])
2025-01-15 14:03:38,292 :: INFO :: ended task ArxivClusteringP2P(name='ArxivClusteringP2P', languages=['eng'])
2025-01-15 14:03:38,292 :: INFO :: started task BiorxivClusteringP2P(name='BiorxivClusteringP2P', languages=['eng'])
2025-01-15 14:03:38,655 :: INFO :: ended task BiorxivClusteringP2P(name='BiorxivClusteringP2P', languages=['eng'])
2025-01-15 14:03:38,655 :: INFO :: started task MedrxivClusteringP2P(name='MedrxivClusteringP2P', languages=['eng'])
2025-01-15 14:03:39,016 :: INFO :: ended task MedrxivClusteringP2P(name='MedrxivClusteringP2P', languages=['eng'])
2025-01-15 14:03:39,016 :: INFO :: started task MindSmallReranking(name='MindSmallReranking', languages=['eng'])
2025-01-15 14:03:39,379 :: INFO :: ended task MindSmallReranking(name='MindSmallReranking', languages=['eng'])
2025-01-15 14:03:39,379 :: INFO :: started task RedditClusteringP2P(name='RedditClusteringP2P', languages=['eng'])
2025-01-15 14:03:39,741 :: INFO :: ended task RedditClusteringP2P(name='RedditClusteringP2P', languages=['eng'])
2025-01-15 14:03:39,741 :: INFO :: started task SCIDOCS(name='SCIDOCS', languages=['eng'])
2025-01-15 14:03:40,093 :: INFO :: ended task SCIDOCS(name='SCIDOCS', languages=['eng'])
2025-01-15 14:03:40,093 :: INFO :: started task SciDocsReranking(name='SciDocsRR', languages=['eng'])
2025-01-15 14:03:40,443 :: INFO :: ended task SciDocsReranking(name='SciDocsRR', languages=['eng'])
2025-01-15 14:03:40,443 :: INFO :: started task StackExchangeClusteringP2P(name='StackExchangeClusteringP2P', languages=['eng'])
2025-01-15 14:03:40,799 :: INFO :: ended task StackExchangeClusteringP2P(name='StackExchangeClusteringP2P', languages=['eng'])
2025-01-15 14:03:40,800 :: INFO :: started task STS15STS(name='STS15', languages=['eng'])
2025-01-15 14:03:41,175 :: INFO :: ended task STS15STS(name='STS15', languages=['eng'])
2025-01-15 14:03:41,175 :: INFO :: started task STS16STS(name='STS16', languages=['eng'])
2025-01-15 14:03:41,526 :: INFO :: ended task STS16STS(name='STS16', languages=['eng'])
2025-01-15 14:03:41,526 :: INFO :: started task STSBenchmarkSTS(name='STSBenchmark', languages=['eng'])
2025-01-15 14:03:41,877 :: INFO :: ended task STSBenchmarkSTS(name='STSBenchmark', languages=['eng'])
2025-01-15 14:03:41,877 :: INFO :: started task ArguAna(name='ArguAna', languages=['eng'])
2025-01-15 14:03:42,249 :: INFO :: ended task ArguAna(name='ArguAna', languages=['eng'])
2025-01-15 14:03:42,249 :: INFO :: started task ArxivClusteringP2P(name='ArxivClusteringP2P', languages=['eng'])
2025-01-15 14:03:42,609 :: INFO :: ended task ArxivClusteringP2P(name='ArxivClusteringP2P', languages=['eng'])
2025-01-15 14:03:42,609 :: INFO :: started task BiorxivClusteringP2P(name='BiorxivClusteringP2P', languages=['eng'])
2025-01-15 14:03:42,960 :: INFO :: ended task BiorxivClusteringP2P(name='BiorxivClusteringP2P', languages=['eng'])
2025-01-15 14:03:42,960 :: INFO :: started task MedrxivClusteringP2P(name='MedrxivClusteringP2P', languages=['eng'])
2025-01-15 14:03:43,311 :: INFO :: ended task MedrxivClusteringP2P(name='MedrxivClusteringP2P', languages=['eng'])
2025-01-15 14:03:43,311 :: INFO :: started task MindSmallReranking(name='MindSmallReranking', languages=['eng'])
2025-01-15 14:03:43,672 :: INFO :: ended task MindSmallReranking(name='MindSmallReranking', languages=['eng'])
2025-01-15 14:03:43,672 :: INFO :: started task RedditClusteringP2P(name='RedditClusteringP2P', languages=['eng'])
2025-01-15 14:03:44,022 :: INFO :: ended task RedditClusteringP2P(name='RedditClusteringP2P', languages=['eng'])
2025-01-15 14:03:44,022 :: INFO :: started task SCIDOCS(name='SCIDOCS', languages=['eng'])
2025-01-15 14:03:44,373 :: INFO :: ended task SCIDOCS(name='SCIDOCS', languages=['eng'])
2025-01-15 14:03:44,373 :: INFO :: started task SciDocsReranking(name='SciDocsRR', languages=['eng'])
2025-01-15 14:03:44,724 :: INFO :: ended task SciDocsReranking(name='SciDocsRR', languages=['eng'])
2025-01-15 14:03:44,725 :: INFO :: started task StackExchangeClusteringP2P(name='StackExchangeClusteringP2P', languages=['eng'])
2025-01-15 14:03:45,082 :: INFO :: ended task StackExchangeClusteringP2P(name='StackExchangeClusteringP2P', languages=['eng'])
2025-01-15 14:03:45,082 :: INFO :: started task STS15STS(name='STS15', languages=['eng'])
2025-01-15 14:03:45,433 :: INFO :: ended task STS15STS(name='STS15', languages=['eng'])
2025-01-15 14:03:45,433 :: INFO :: started task STS16STS(name='STS16', languages=['eng'])
2025-01-15 14:03:45,784 :: INFO :: ended task STS16STS(name='STS16', languages=['eng'])
2025-01-15 14:03:45,784 :: INFO :: started task STSBenchmarkSTS(name='STSBenchmark', languages=['eng'])
2025-01-15 14:03:46,133 :: INFO :: ended task STSBenchmarkSTS(name='STSBenchmark', languages=['eng'])
2025-01-15 14:03:46,134 :: INFO :: started task ArguAna(name='ArguAna', languages=['eng'])
2025-01-15 14:03:46,484 :: INFO :: ended task ArguAna(name='ArguAna', languages=['eng'])
2025-01-15 14:03:46,484 :: INFO :: started task ArxivClusteringP2P(name='ArxivClusteringP2P', languages=['eng'])
2025-01-15 14:03:46,835 :: INFO :: ended task ArxivClusteringP2P(name='ArxivClusteringP2P', languages=['eng'])
2025-01-15 14:03:46,835 :: INFO :: started task BiorxivClusteringP2P(name='BiorxivClusteringP2P', languages=['eng'])
2025-01-15 14:03:47,186 :: INFO :: ended task BiorxivClusteringP2P(name='BiorxivClusteringP2P', languages=['eng'])
2025-01-15 14:03:47,186 :: INFO :: started task MedrxivClusteringP2P(name='MedrxivClusteringP2P', languages=['eng'])
2025-01-15 14:03:47,540 :: INFO :: ended task MedrxivClusteringP2P(name='MedrxivClusteringP2P', languages=['eng'])
2025-01-15 14:03:47,540 :: INFO :: started task MindSmallReranking(name='MindSmallReranking', languages=['eng'])
2025-01-15 14:03:47,890 :: INFO :: ended task MindSmallReranking(name='MindSmallReranking', languages=['eng'])
2025-01-15 14:03:47,890 :: INFO :: started task RedditClusteringP2P(name='RedditClusteringP2P', languages=['eng'])
2025-01-15 14:03:48,240 :: INFO :: ended task RedditClusteringP2P(name='RedditClusteringP2P', languages=['eng'])
2025-01-15 14:03:48,240 :: INFO :: started task SCIDOCS(name='SCIDOCS', languages=['eng'])
2025-01-15 14:03:48,591 :: INFO :: ended task SCIDOCS(name='SCIDOCS', languages=['eng'])
2025-01-15 14:03:48,592 :: INFO :: started task SciDocsReranking(name='SciDocsRR', languages=['eng'])
2025-01-15 14:03:48,949 :: INFO :: ended task SciDocsReranking(name='SciDocsRR', languages=['eng'])
2025-01-15 14:03:48,949 :: INFO :: started task StackExchangeClusteringP2P(name='StackExchangeClusteringP2P', languages=['eng'])
2025-01-15 14:03:49,299 :: INFO :: ended task StackExchangeClusteringP2P(name='StackExchangeClusteringP2P', languages=['eng'])
2025-01-15 14:03:49,299 :: INFO :: started task STS15STS(name='STS15', languages=['eng'])
2025-01-15 14:03:49,674 :: INFO :: ended task STS15STS(name='STS15', languages=['eng'])
2025-01-15 14:03:49,674 :: INFO :: started task STS16STS(name='STS16', languages=['eng'])
2025-01-15 14:03:50,025 :: INFO :: ended task STS16STS(name='STS16', languages=['eng'])
2025-01-15 14:03:50,025 :: INFO :: started task STSBenchmarkSTS(name='STSBenchmark', languages=['eng'])
2025-01-15 14:03:50,376 :: INFO :: ended task STSBenchmarkSTS(name='STSBenchmark', languages=['eng'])
2025-01-15 14:03:50,376 :: INFO :: started task ArguAna(name='ArguAna', languages=['eng'])
2025-01-15 14:03:50,727 :: INFO :: ended task ArguAna(name='ArguAna', languages=['eng'])
2025-01-15 14:03:50,727 :: INFO :: started task ArxivClusteringP2P(name='ArxivClusteringP2P', languages=['eng'])
2025-01-15 14:03:51,078 :: INFO :: ended task ArxivClusteringP2P(name='ArxivClusteringP2P', languages=['eng'])
2025-01-15 14:03:51,078 :: INFO :: started task BiorxivClusteringP2P(name='BiorxivClusteringP2P', languages=['eng'])
2025-01-15 14:03:51,428 :: INFO :: ended task BiorxivClusteringP2P(name='BiorxivClusteringP2P', languages=['eng'])
2025-01-15 14:03:51,428 :: INFO :: started task MedrxivClusteringP2P(name='MedrxivClusteringP2P', languages=['eng'])
2025-01-15 14:03:51,818 :: INFO :: ended task MedrxivClusteringP2P(name='MedrxivClusteringP2P', languages=['eng'])
2025-01-15 14:03:51,818 :: INFO :: started task MindSmallReranking(name='MindSmallReranking', languages=['eng'])
2025-01-15 14:03:52,168 :: INFO :: ended task MindSmallReranking(name='MindSmallReranking', languages=['eng'])
2025-01-15 14:03:52,168 :: INFO :: started task RedditClusteringP2P(name='RedditClusteringP2P', languages=['eng'])
2025-01-15 14:03:52,519 :: INFO :: ended task RedditClusteringP2P(name='RedditClusteringP2P', languages=['eng'])
2025-01-15 14:03:52,519 :: INFO :: started task SCIDOCS(name='SCIDOCS', languages=['eng'])
2025-01-15 14:03:52,869 :: INFO :: ended task SCIDOCS(name='SCIDOCS', languages=['eng'])
2025-01-15 14:03:52,869 :: INFO :: started task SciDocsReranking(name='SciDocsRR', languages=['eng'])
2025-01-15 14:03:53,220 :: INFO :: ended task SciDocsReranking(name='SciDocsRR', languages=['eng'])
2025-01-15 14:03:53,220 :: INFO :: started task StackExchangeClusteringP2P(name='StackExchangeClusteringP2P', languages=['eng'])
2025-01-15 14:03:53,570 :: INFO :: ended task StackExchangeClusteringP2P(name='StackExchangeClusteringP2P', languages=['eng'])
2025-01-15 14:03:53,570 :: INFO :: started task STS15STS(name='STS15', languages=['eng'])
2025-01-15 14:03:53,929 :: INFO :: ended task STS15STS(name='STS15', languages=['eng'])
2025-01-15 14:03:53,929 :: INFO :: started task STS16STS(name='STS16', languages=['eng'])
2025-01-15 14:03:54,280 :: INFO :: ended task STS16STS(name='STS16', languages=['eng'])
2025-01-15 14:03:54,280 :: INFO :: started task STSBenchmarkSTS(name='STSBenchmark', languages=['eng'])
2025-01-15 14:03:54,631 :: INFO :: ended task STSBenchmarkSTS(name='STSBenchmark', languages=['eng'])
2025-01-15 14:03:54,631 :: INFO :: started task ArguAna(name='ArguAna', languages=['eng'])
2025-01-15 14:03:54,981 :: INFO :: ended task ArguAna(name='ArguAna', languages=['eng'])
2025-01-15 14:03:54,982 :: INFO :: started task ArxivClusteringP2P(name='ArxivClusteringP2P', languages=['eng'])
2025-01-15 14:03:55,331 :: INFO :: ended task ArxivClusteringP2P(name='ArxivClusteringP2P', languages=['eng'])
2025-01-15 14:03:55,331 :: INFO :: started task BiorxivClusteringP2P(name='BiorxivClusteringP2P', languages=['eng'])
2025-01-15 14:03:55,682 :: INFO :: ended task BiorxivClusteringP2P(name='BiorxivClusteringP2P', languages=['eng'])
2025-01-15 14:03:55,682 :: INFO :: started task MedrxivClusteringP2P(name='MedrxivClusteringP2P', languages=['eng'])
2025-01-15 14:03:56,034 :: INFO :: ended task MedrxivClusteringP2P(name='MedrxivClusteringP2P', languages=['eng'])
2025-01-15 14:03:56,034 :: INFO :: started task MindSmallReranking(name='MindSmallReranking', languages=['eng'])
2025-01-15 14:03:56,385 :: INFO :: ended task MindSmallReranking(name='MindSmallReranking', languages=['eng'])
2025-01-15 14:03:56,385 :: INFO :: started task RedditClusteringP2P(name='RedditClusteringP2P', languages=['eng'])
2025-01-15 14:03:56,735 :: INFO :: ended task RedditClusteringP2P(name='RedditClusteringP2P', languages=['eng'])
2025-01-15 14:03:56,735 :: INFO :: started task SCIDOCS(name='SCIDOCS', languages=['eng'])
2025-01-15 14:03:57,091 :: INFO :: ended task SCIDOCS(name='SCIDOCS', languages=['eng'])
2025-01-15 14:03:57,091 :: INFO :: started task SciDocsReranking(name='SciDocsRR', languages=['eng'])
2025-01-15 14:03:57,461 :: INFO :: ended task SciDocsReranking(name='SciDocsRR', languages=['eng'])
2025-01-15 14:03:57,461 :: INFO :: started task StackExchangeClusteringP2P(name='StackExchangeClusteringP2P', languages=['eng'])
2025-01-15 14:03:57,812 :: INFO :: ended task StackExchangeClusteringP2P(name='StackExchangeClusteringP2P', languages=['eng'])
2025-01-15 14:03:57,812 :: INFO :: started task STS15STS(name='STS15', languages=['eng'])
2025-01-15 14:03:58,163 :: INFO :: ended task STS15STS(name='STS15', languages=['eng'])
2025-01-15 14:03:58,163 :: INFO :: started task STS16STS(name='STS16', languages=['eng'])
2025-01-15 14:03:58,513 :: INFO :: ended task STS16STS(name='STS16', languages=['eng'])
2025-01-15 14:03:58,513 :: INFO :: started task STSBenchmarkSTS(name='STSBenchmark', languages=['eng'])
2025-01-15 14:03:58,864 :: INFO :: ended task STSBenchmarkSTS(name='STSBenchmark', languages=['eng'])
2025-01-15 14:03:58,864 :: INFO :: started task ArguAna(name='ArguAna', languages=['eng'])
2025-01-15 14:03:59,214 :: INFO :: ended task ArguAna(name='ArguAna', languages=['eng'])
2025-01-15 14:03:59,214 :: INFO :: started task ArxivClusteringP2P(name='ArxivClusteringP2P', languages=['eng'])
2025-01-15 14:03:59,564 :: INFO :: ended task ArxivClusteringP2P(name='ArxivClusteringP2P', languages=['eng'])
2025-01-15 14:03:59,564 :: INFO :: started task BiorxivClusteringP2P(name='BiorxivClusteringP2P', languages=['eng'])
2025-01-15 14:03:59,914 :: INFO :: ended task BiorxivClusteringP2P(name='BiorxivClusteringP2P', languages=['eng'])
2025-01-15 14:03:59,914 :: INFO :: started task MedrxivClusteringP2P(name='MedrxivClusteringP2P', languages=['eng'])
2025-01-15 14:04:00,264 :: INFO :: ended task MedrxivClusteringP2P(name='MedrxivClusteringP2P', languages=['eng'])
2025-01-15 14:04:00,264 :: INFO :: started task MindSmallReranking(name='MindSmallReranking', languages=['eng'])
2025-01-15 14:04:00,655 :: INFO :: ended task MindSmallReranking(name='MindSmallReranking', languages=['eng'])
2025-01-15 14:04:00,655 :: INFO :: started task RedditClusteringP2P(name='RedditClusteringP2P', languages=['eng'])
2025-01-15 14:04:01,005 :: INFO :: ended task RedditClusteringP2P(name='RedditClusteringP2P', languages=['eng'])
2025-01-15 14:04:01,005 :: INFO :: started task SCIDOCS(name='SCIDOCS', languages=['eng'])
2025-01-15 14:04:01,355 :: INFO :: ended task SCIDOCS(name='SCIDOCS', languages=['eng'])
2025-01-15 14:04:01,355 :: INFO :: started task SciDocsReranking(name='SciDocsRR', languages=['eng'])
2025-01-15 14:04:01,705 :: INFO :: ended task SciDocsReranking(name='SciDocsRR', languages=['eng'])
2025-01-15 14:04:01,705 :: INFO :: started task StackExchangeClusteringP2P(name='StackExchangeClusteringP2P', languages=['eng'])
2025-01-15 14:04:02,056 :: INFO :: ended task StackExchangeClusteringP2P(name='StackExchangeClusteringP2P', languages=['eng'])
2025-01-15 14:04:02,056 :: INFO :: started task STS15STS(name='STS15', languages=['eng'])
2025-01-15 14:04:02,407 :: INFO :: ended task STS15STS(name='STS15', languages=['eng'])
2025-01-15 14:04:02,407 :: INFO :: started task STS16STS(name='STS16', languages=['eng'])
2025-01-15 14:04:02,757 :: INFO :: ended task STS16STS(name='STS16', languages=['eng'])
2025-01-15 14:04:02,758 :: INFO :: started task STSBenchmarkSTS(name='STSBenchmark', languages=['eng'])
2025-01-15 14:04:03,108 :: INFO :: ended task STSBenchmarkSTS(name='STSBenchmark', languages=['eng'])
2025-01-15 14:04:03,108 :: INFO :: started task ArguAna(name='ArguAna', languages=['eng'])
2025-01-15 14:04:03,460 :: INFO :: ended task ArguAna(name='ArguAna', languages=['eng'])
2025-01-15 14:04:03,460 :: INFO :: started task ArxivClusteringP2P(name='ArxivClusteringP2P', languages=['eng'])
2025-01-15 14:04:03,812 :: INFO :: ended task ArxivClusteringP2P(name='ArxivClusteringP2P', languages=['eng'])
2025-01-15 14:04:03,812 :: INFO :: started task BiorxivClusteringP2P(name='BiorxivClusteringP2P', languages=['eng'])
2025-01-15 14:04:04,171 :: INFO :: ended task BiorxivClusteringP2P(name='BiorxivClusteringP2P', languages=['eng'])
2025-01-15 14:04:04,171 :: INFO :: started task MedrxivClusteringP2P(name='MedrxivClusteringP2P', languages=['eng'])
2025-01-15 14:04:04,521 :: INFO :: ended task MedrxivClusteringP2P(name='MedrxivClusteringP2P', languages=['eng'])
2025-01-15 14:04:04,521 :: INFO :: started task MindSmallReranking(name='MindSmallReranking', languages=['eng'])
2025-01-15 14:04:04,871 :: INFO :: ended task MindSmallReranking(name='MindSmallReranking', languages=['eng'])
2025-01-15 14:04:04,872 :: INFO :: started task RedditClusteringP2P(name='RedditClusteringP2P', languages=['eng'])
2025-01-15 14:04:05,223 :: INFO :: ended task RedditClusteringP2P(name='RedditClusteringP2P', languages=['eng'])
2025-01-15 14:04:05,223 :: INFO :: started task SCIDOCS(name='SCIDOCS', languages=['eng'])
2025-01-15 14:04:05,575 :: INFO :: ended task SCIDOCS(name='SCIDOCS', languages=['eng'])
2025-01-15 14:04:05,575 :: INFO :: started task SciDocsReranking(name='SciDocsRR', languages=['eng'])
2025-01-15 14:04:05,925 :: INFO :: ended task SciDocsReranking(name='SciDocsRR', languages=['eng'])
2025-01-15 14:04:05,925 :: INFO :: started task StackExchangeClusteringP2P(name='StackExchangeClusteringP2P', languages=['eng'])
2025-01-15 14:04:06,275 :: INFO :: ended task StackExchangeClusteringP2P(name='StackExchangeClusteringP2P', languages=['eng'])
2025-01-15 14:04:06,275 :: INFO :: started task STS15STS(name='STS15', languages=['eng'])
2025-01-15 14:04:06,626 :: INFO :: ended task STS15STS(name='STS15', languages=['eng'])
2025-01-15 14:04:06,626 :: INFO :: started task STS16STS(name='STS16', languages=['eng'])
2025-01-15 14:04:06,977 :: INFO :: ended task STS16STS(name='STS16', languages=['eng'])
2025-01-15 14:04:06,977 :: INFO :: started task STSBenchmarkSTS(name='STSBenchmark', languages=['eng'])
2025-01-15 14:04:07,327 :: INFO :: ended task STSBenchmarkSTS(name='STSBenchmark', languages=['eng'])
2025-01-15 14:04:07,328 :: INFO :: started task ArguAna(name='ArguAna', languages=['eng'])
2025-01-15 14:04:07,678 :: INFO :: ended task ArguAna(name='ArguAna', languages=['eng'])
2025-01-15 14:04:07,678 :: INFO :: started task ArxivClusteringP2P(name='ArxivClusteringP2P', languages=['eng'])
2025-01-15 14:04:08,029 :: INFO :: ended task ArxivClusteringP2P(name='ArxivClusteringP2P', languages=['eng'])
2025-01-15 14:04:08,030 :: INFO :: started task BiorxivClusteringP2P(name='BiorxivClusteringP2P', languages=['eng'])
2025-01-15 14:04:08,380 :: INFO :: ended task BiorxivClusteringP2P(name='BiorxivClusteringP2P', languages=['eng'])
2025-01-15 14:04:08,380 :: INFO :: started task MedrxivClusteringP2P(name='MedrxivClusteringP2P', languages=['eng'])
2025-01-15 14:04:08,730 :: INFO :: ended task MedrxivClusteringP2P(name='MedrxivClusteringP2P', languages=['eng'])
2025-01-15 14:04:08,730 :: INFO :: started task MindSmallReranking(name='MindSmallReranking', languages=['eng'])
2025-01-15 14:04:09,085 :: INFO :: ended task MindSmallReranking(name='MindSmallReranking', languages=['eng'])
2025-01-15 14:04:09,085 :: INFO :: started task RedditClusteringP2P(name='RedditClusteringP2P', languages=['eng'])
2025-01-15 14:04:09,457 :: INFO :: ended task RedditClusteringP2P(name='RedditClusteringP2P', languages=['eng'])
2025-01-15 14:04:09,457 :: INFO :: started task SCIDOCS(name='SCIDOCS', languages=['eng'])
2025-01-15 14:04:09,808 :: INFO :: ended task SCIDOCS(name='SCIDOCS', languages=['eng'])
2025-01-15 14:04:09,808 :: INFO :: started task SciDocsReranking(name='SciDocsRR', languages=['eng'])
2025-01-15 14:04:10,159 :: INFO :: ended task SciDocsReranking(name='SciDocsRR', languages=['eng'])
2025-01-15 14:04:10,159 :: INFO :: started task StackExchangeClusteringP2P(name='StackExchangeClusteringP2P', languages=['eng'])
2025-01-15 14:04:10,510 :: INFO :: ended task StackExchangeClusteringP2P(name='StackExchangeClusteringP2P', languages=['eng'])
2025-01-15 14:04:10,510 :: INFO :: started task STS15STS(name='STS15', languages=['eng'])
2025-01-15 14:04:10,860 :: INFO :: ended task STS15STS(name='STS15', languages=['eng'])
2025-01-15 14:04:10,860 :: INFO :: started task STS16STS(name='STS16', languages=['eng'])
2025-01-15 14:04:11,210 :: INFO :: ended task STS16STS(name='STS16', languages=['eng'])
2025-01-15 14:04:11,210 :: INFO :: started task STSBenchmarkSTS(name='STSBenchmark', languages=['eng'])
2025-01-15 14:04:11,561 :: INFO :: ended task STSBenchmarkSTS(name='STSBenchmark', languages=['eng'])
2025-01-15 14:04:11,561 :: INFO :: started task ArguAna(name='ArguAna', languages=['eng'])
2025-01-15 14:04:11,912 :: INFO :: ended task ArguAna(name='ArguAna', languages=['eng'])
2025-01-15 14:04:11,912 :: INFO :: started task ArxivClusteringP2P(name='ArxivClusteringP2P', languages=['eng'])
2025-01-15 14:04:12,262 :: INFO :: ended task ArxivClusteringP2P(name='ArxivClusteringP2P', languages=['eng'])
2025-01-15 14:04:12,262 :: INFO :: started task BiorxivClusteringP2P(name='BiorxivClusteringP2P', languages=['eng'])
2025-01-15 14:04:12,613 :: INFO :: ended task BiorxivClusteringP2P(name='BiorxivClusteringP2P', languages=['eng'])
2025-01-15 14:04:12,613 :: INFO :: started task MedrxivClusteringP2P(name='MedrxivClusteringP2P', languages=['eng'])
2025-01-15 14:04:12,964 :: INFO :: ended task MedrxivClusteringP2P(name='MedrxivClusteringP2P', languages=['eng'])
2025-01-15 14:04:12,964 :: INFO :: started task MindSmallReranking(name='MindSmallReranking', languages=['eng'])
2025-01-15 14:04:13,314 :: INFO :: ended task MindSmallReranking(name='MindSmallReranking', languages=['eng'])
2025-01-15 14:04:13,314 :: INFO :: started task RedditClusteringP2P(name='RedditClusteringP2P', languages=['eng'])
2025-01-15 14:04:13,664 :: INFO :: ended task RedditClusteringP2P(name='RedditClusteringP2P', languages=['eng'])
2025-01-15 14:04:13,664 :: INFO :: started task SCIDOCS(name='SCIDOCS', languages=['eng'])
2025-01-15 14:04:14,014 :: INFO :: ended task SCIDOCS(name='SCIDOCS', languages=['eng'])
2025-01-15 14:04:14,014 :: INFO :: started task SciDocsReranking(name='SciDocsRR', languages=['eng'])
2025-01-15 14:04:14,365 :: INFO :: ended task SciDocsReranking(name='SciDocsRR', languages=['eng'])
2025-01-15 14:04:14,365 :: INFO :: started task StackExchangeClusteringP2P(name='StackExchangeClusteringP2P', languages=['eng'])
2025-01-15 14:04:14,755 :: INFO :: ended task StackExchangeClusteringP2P(name='StackExchangeClusteringP2P', languages=['eng'])
2025-01-15 14:04:14,755 :: INFO :: started task STS15STS(name='STS15', languages=['eng'])
2025-01-15 14:04:15,105 :: INFO :: ended task STS15STS(name='STS15', languages=['eng'])
2025-01-15 14:04:15,105 :: INFO :: started task STS16STS(name='STS16', languages=['eng'])
2025-01-15 14:04:15,456 :: INFO :: ended task STS16STS(name='STS16', languages=['eng'])
2025-01-15 14:04:15,456 :: INFO :: started task STSBenchmarkSTS(name='STSBenchmark', languages=['eng'])
2025-01-15 14:04:15,807 :: INFO :: ended task STSBenchmarkSTS(name='STSBenchmark', languages=['eng'])
2025-01-15 14:04:15,808 :: INFO :: started task ArguAna(name='ArguAna', languages=['eng'])
2025-01-15 14:04:16,158 :: INFO :: ended task ArguAna(name='ArguAna', languages=['eng'])
2025-01-15 14:04:16,158 :: INFO :: started task ArxivClusteringP2P(name='ArxivClusteringP2P', languages=['eng'])
2025-01-15 14:04:16,510 :: INFO :: ended task ArxivClusteringP2P(name='ArxivClusteringP2P', languages=['eng'])
2025-01-15 14:04:16,510 :: INFO :: started task BiorxivClusteringP2P(name='BiorxivClusteringP2P', languages=['eng'])
2025-01-15 14:04:16,860 :: INFO :: ended task BiorxivClusteringP2P(name='BiorxivClusteringP2P', languages=['eng'])
2025-01-15 14:04:16,860 :: INFO :: started task MedrxivClusteringP2P(name='MedrxivClusteringP2P', languages=['eng'])
2025-01-15 14:04:17,210 :: INFO :: ended task MedrxivClusteringP2P(name='MedrxivClusteringP2P', languages=['eng'])
2025-01-15 14:04:17,210 :: INFO :: started task MindSmallReranking(name='MindSmallReranking', languages=['eng'])
2025-01-15 14:04:17,561 :: INFO :: ended task MindSmallReranking(name='MindSmallReranking', languages=['eng'])
2025-01-15 14:04:17,561 :: INFO :: started task RedditClusteringP2P(name='RedditClusteringP2P', languages=['eng'])
2025-01-15 14:04:17,911 :: INFO :: ended task RedditClusteringP2P(name='RedditClusteringP2P', languages=['eng'])
2025-01-15 14:04:17,911 :: INFO :: started task SCIDOCS(name='SCIDOCS', languages=['eng'])
2025-01-15 14:04:18,262 :: INFO :: ended task SCIDOCS(name='SCIDOCS', languages=['eng'])
2025-01-15 14:04:18,262 :: INFO :: started task SciDocsReranking(name='SciDocsRR', languages=['eng'])
2025-01-15 14:04:18,612 :: INFO :: ended task SciDocsReranking(name='SciDocsRR', languages=['eng'])
2025-01-15 14:04:18,612 :: INFO :: started task StackExchangeClusteringP2P(name='StackExchangeClusteringP2P', languages=['eng'])
2025-01-15 14:04:18,962 :: INFO :: ended task StackExchangeClusteringP2P(name='StackExchangeClusteringP2P', languages=['eng'])
2025-01-15 14:04:18,963 :: INFO :: started task STS15STS(name='STS15', languages=['eng'])
2025-01-15 14:04:19,313 :: INFO :: ended task STS15STS(name='STS15', languages=['eng'])
2025-01-15 14:04:19,313 :: INFO :: started task STS16STS(name='STS16', languages=['eng'])
2025-01-15 14:04:19,663 :: INFO :: ended task STS16STS(name='STS16', languages=['eng'])
2025-01-15 14:04:19,664 :: INFO :: started task STSBenchmarkSTS(name='STSBenchmark', languages=['eng'])
2025-01-15 14:04:20,022 :: INFO :: ended task STSBenchmarkSTS(name='STSBenchmark', languages=['eng'])
2025-01-15 14:04:20,022 :: INFO :: started task ArguAna(name='ArguAna', languages=['eng'])
2025-01-15 14:04:20,375 :: INFO :: ended task ArguAna(name='ArguAna', languages=['eng'])
2025-01-15 14:04:20,375 :: INFO :: started task ArxivClusteringP2P(name='ArxivClusteringP2P', languages=['eng'])
2025-01-15 14:04:20,725 :: INFO :: ended task ArxivClusteringP2P(name='ArxivClusteringP2P', languages=['eng'])
2025-01-15 14:04:20,725 :: INFO :: started task BiorxivClusteringP2P(name='BiorxivClusteringP2P', languages=['eng'])
2025-01-15 14:04:21,076 :: INFO :: ended task BiorxivClusteringP2P(name='BiorxivClusteringP2P', languages=['eng'])
2025-01-15 14:04:21,076 :: INFO :: started task MedrxivClusteringP2P(name='MedrxivClusteringP2P', languages=['eng'])
2025-01-15 14:04:21,426 :: INFO :: ended task MedrxivClusteringP2P(name='MedrxivClusteringP2P', languages=['eng'])
2025-01-15 14:04:21,426 :: INFO :: started task MindSmallReranking(name='MindSmallReranking', languages=['eng'])
2025-01-15 14:04:21,777 :: INFO :: ended task MindSmallReranking(name='MindSmallReranking', languages=['eng'])
2025-01-15 14:04:21,777 :: INFO :: started task RedditClusteringP2P(name='RedditClusteringP2P', languages=['eng'])
2025-01-15 14:04:22,128 :: INFO :: ended task RedditClusteringP2P(name='RedditClusteringP2P', languages=['eng'])
2025-01-15 14:04:22,128 :: INFO :: started task SCIDOCS(name='SCIDOCS', languages=['eng'])
2025-01-15 14:04:22,479 :: INFO :: ended task SCIDOCS(name='SCIDOCS', languages=['eng'])
2025-01-15 14:04:22,479 :: INFO :: started task SciDocsReranking(name='SciDocsRR', languages=['eng'])
2025-01-15 14:04:22,830 :: INFO :: ended task SciDocsReranking(name='SciDocsRR', languages=['eng'])
2025-01-15 14:04:22,830 :: INFO :: started task StackExchangeClusteringP2P(name='StackExchangeClusteringP2P', languages=['eng'])
2025-01-15 14:04:23,181 :: INFO :: ended task StackExchangeClusteringP2P(name='StackExchangeClusteringP2P', languages=['eng'])
2025-01-15 14:04:23,181 :: INFO :: started task STS15STS(name='STS15', languages=['eng'])
2025-01-15 14:04:23,531 :: INFO :: ended task STS15STS(name='STS15', languages=['eng'])
2025-01-15 14:04:23,531 :: INFO :: started task STS16STS(name='STS16', languages=['eng'])
2025-01-15 14:04:23,882 :: INFO :: ended task STS16STS(name='STS16', languages=['eng'])
2025-01-15 14:04:23,882 :: INFO :: started task STSBenchmarkSTS(name='STSBenchmark', languages=['eng'])
2025-01-15 14:04:24,232 :: INFO :: ended task STSBenchmarkSTS(name='STSBenchmark', languages=['eng'])
2025-01-15 14:04:24,233 :: INFO :: started task ArguAna(name='ArguAna', languages=['eng'])
2025-01-15 14:04:24,583 :: INFO :: ended task ArguAna(name='ArguAna', languages=['eng'])
2025-01-15 14:04:24,583 :: INFO :: started task ArxivClusteringP2P(name='ArxivClusteringP2P', languages=['eng'])
2025-01-15 14:04:24,935 :: INFO :: ended task ArxivClusteringP2P(name='ArxivClusteringP2P', languages=['eng'])
2025-01-15 14:04:24,935 :: INFO :: started task BiorxivClusteringP2P(name='BiorxivClusteringP2P', languages=['eng'])
2025-01-15 14:04:25,285 :: INFO :: ended task BiorxivClusteringP2P(name='BiorxivClusteringP2P', languages=['eng'])
2025-01-15 14:04:25,285 :: INFO :: started task MedrxivClusteringP2P(name='MedrxivClusteringP2P', languages=['eng'])
2025-01-15 14:04:25,635 :: INFO :: ended task MedrxivClusteringP2P(name='MedrxivClusteringP2P', languages=['eng'])
2025-01-15 14:04:25,635 :: INFO :: started task MindSmallReranking(name='MindSmallReranking', languages=['eng'])
2025-01-15 14:04:25,986 :: INFO :: ended task MindSmallReranking(name='MindSmallReranking', languages=['eng'])
2025-01-15 14:04:25,986 :: INFO :: started task RedditClusteringP2P(name='RedditClusteringP2P', languages=['eng'])
2025-01-15 14:04:26,337 :: INFO :: ended task RedditClusteringP2P(name='RedditClusteringP2P', languages=['eng'])
2025-01-15 14:04:26,337 :: INFO :: started task SCIDOCS(name='SCIDOCS', languages=['eng'])
2025-01-15 14:04:26,688 :: INFO :: ended task SCIDOCS(name='SCIDOCS', languages=['eng'])
2025-01-15 14:04:26,688 :: INFO :: started task SciDocsReranking(name='SciDocsRR', languages=['eng'])
2025-01-15 14:04:27,038 :: INFO :: ended task SciDocsReranking(name='SciDocsRR', languages=['eng'])
2025-01-15 14:04:27,038 :: INFO :: started task StackExchangeClusteringP2P(name='StackExchangeClusteringP2P', languages=['eng'])
2025-01-15 14:04:27,388 :: INFO :: ended task StackExchangeClusteringP2P(name='StackExchangeClusteringP2P', languages=['eng'])
2025-01-15 14:04:27,389 :: INFO :: started task STS15STS(name='STS15', languages=['eng'])
2025-01-15 14:04:27,740 :: INFO :: ended task STS15STS(name='STS15', languages=['eng'])
2025-01-15 14:04:27,740 :: INFO :: started task STS16STS(name='STS16', languages=['eng'])
2025-01-15 14:04:28,090 :: INFO :: ended task STS16STS(name='STS16', languages=['eng'])
2025-01-15 14:04:28,091 :: INFO :: started task STSBenchmarkSTS(name='STSBenchmark', languages=['eng'])
2025-01-15 14:04:28,445 :: INFO :: ended task STSBenchmarkSTS(name='STSBenchmark', languages=['eng'])
2025-01-15 14:04:28,445 :: INFO :: started task ArguAna(name='ArguAna', languages=['eng'])
2025-01-15 14:04:28,818 :: INFO :: ended task ArguAna(name='ArguAna', languages=['eng'])
2025-01-15 14:04:28,818 :: INFO :: started task ArxivClusteringP2P(name='ArxivClusteringP2P', languages=['eng'])
2025-01-15 14:04:29,169 :: INFO :: ended task ArxivClusteringP2P(name='ArxivClusteringP2P', languages=['eng'])
2025-01-15 14:04:29,169 :: INFO :: started task BiorxivClusteringP2P(name='BiorxivClusteringP2P', languages=['eng'])
2025-01-15 14:04:29,520 :: INFO :: ended task BiorxivClusteringP2P(name='BiorxivClusteringP2P', languages=['eng'])
2025-01-15 14:04:29,520 :: INFO :: started task MedrxivClusteringP2P(name='MedrxivClusteringP2P', languages=['eng'])
2025-01-15 14:04:29,871 :: INFO :: ended task MedrxivClusteringP2P(name='MedrxivClusteringP2P', languages=['eng'])
2025-01-15 14:04:29,871 :: INFO :: started task MindSmallReranking(name='MindSmallReranking', languages=['eng'])
2025-01-15 14:04:30,222 :: INFO :: ended task MindSmallReranking(name='MindSmallReranking', languages=['eng'])
2025-01-15 14:04:30,222 :: INFO :: started task RedditClusteringP2P(name='RedditClusteringP2P', languages=['eng'])
2025-01-15 14:04:30,572 :: INFO :: ended task RedditClusteringP2P(name='RedditClusteringP2P', languages=['eng'])
2025-01-15 14:04:30,573 :: INFO :: started task SCIDOCS(name='SCIDOCS', languages=['eng'])
2025-01-15 14:04:30,924 :: INFO :: ended task SCIDOCS(name='SCIDOCS', languages=['eng'])
2025-01-15 14:04:30,924 :: INFO :: started task SciDocsReranking(name='SciDocsRR', languages=['eng'])
2025-01-15 14:04:31,274 :: INFO :: ended task SciDocsReranking(name='SciDocsRR', languages=['eng'])
2025-01-15 14:04:31,274 :: INFO :: started task StackExchangeClusteringP2P(name='StackExchangeClusteringP2P', languages=['eng'])
2025-01-15 14:04:31,625 :: INFO :: ended task StackExchangeClusteringP2P(name='StackExchangeClusteringP2P', languages=['eng'])
2025-01-15 14:04:31,625 :: INFO :: started task STS15STS(name='STS15', languages=['eng'])
2025-01-15 14:04:31,976 :: INFO :: ended task STS15STS(name='STS15', languages=['eng'])
2025-01-15 14:04:31,976 :: INFO :: started task STS16STS(name='STS16', languages=['eng'])
2025-01-15 14:04:32,327 :: INFO :: ended task STS16STS(name='STS16', languages=['eng'])
2025-01-15 14:04:32,327 :: INFO :: started task STSBenchmarkSTS(name='STSBenchmark', languages=['eng'])
2025-01-15 14:04:32,678 :: INFO :: ended task STSBenchmarkSTS(name='STSBenchmark', languages=['eng'])
2025-01-15 14:04:32,678 :: INFO :: started task ArguAna(name='ArguAna', languages=['eng'])
2025-01-15 14:04:33,028 :: INFO :: ended task ArguAna(name='ArguAna', languages=['eng'])
2025-01-15 14:04:33,028 :: INFO :: started task ArxivClusteringP2P(name='ArxivClusteringP2P', languages=['eng'])
2025-01-15 14:04:33,379 :: INFO :: ended task ArxivClusteringP2P(name='ArxivClusteringP2P', languages=['eng'])
2025-01-15 14:04:33,379 :: INFO :: started task BiorxivClusteringP2P(name='BiorxivClusteringP2P', languages=['eng'])
2025-01-15 14:04:33,730 :: INFO :: ended task BiorxivClusteringP2P(name='BiorxivClusteringP2P', languages=['eng'])
2025-01-15 14:04:33,730 :: INFO :: started task MedrxivClusteringP2P(name='MedrxivClusteringP2P', languages=['eng'])
2025-01-15 14:04:34,080 :: INFO :: ended task MedrxivClusteringP2P(name='MedrxivClusteringP2P', languages=['eng'])
2025-01-15 14:04:34,080 :: INFO :: started task MindSmallReranking(name='MindSmallReranking', languages=['eng'])
2025-01-15 14:04:34,431 :: INFO :: ended task MindSmallReranking(name='MindSmallReranking', languages=['eng'])
2025-01-15 14:04:34,431 :: INFO :: started task RedditClusteringP2P(name='RedditClusteringP2P', languages=['eng'])
2025-01-15 14:07:14,896 :: INFO :: ended task RedditClusteringP2P(name='RedditClusteringP2P', languages=['eng'])
2025-01-15 14:07:14,897 :: INFO :: started task SCIDOCS(name='SCIDOCS', languages=['eng'])
2025-01-15 14:07:37,020 :: INFO :: ended task SCIDOCS(name='SCIDOCS', languages=['eng'])
2025-01-15 14:07:37,020 :: INFO :: started task SciDocsReranking(name='SciDocsRR', languages=['eng'])
2025-01-15 14:07:37,448 :: INFO :: ended task SciDocsReranking(name='SciDocsRR', languages=['eng'])
2025-01-15 14:07:37,448 :: INFO :: started task StackExchangeClusteringP2P(name='StackExchangeClusteringP2P', languages=['eng'])
2025-01-15 14:08:23,961 :: INFO :: ended task StackExchangeClusteringP2P(name='StackExchangeClusteringP2P', languages=['eng'])
2025-01-15 14:08:23,961 :: INFO :: started task STS15STS(name='STS15', languages=['eng'])
2025-01-15 14:08:29,816 :: INFO :: ended task STS15STS(name='STS15', languages=['eng'])
2025-01-15 14:08:29,816 :: INFO :: started task STS16STS(name='STS16', languages=['eng'])
2025-01-15 14:08:34,969 :: INFO :: ended task STS16STS(name='STS16', languages=['eng'])
2025-01-15 14:08:34,969 :: INFO :: started task STSBenchmarkSTS(name='STSBenchmark', languages=['eng'])
2025-01-15 14:08:41,644 :: INFO :: ended task STSBenchmarkSTS(name='STSBenchmark', languages=['eng'])
2025-01-15 14:08:41,645 :: INFO :: started task ArguAna(name='ArguAna', languages=['eng'])
2025-01-15 14:08:54,206 :: INFO :: ended task ArguAna(name='ArguAna', languages=['eng'])
2025-01-15 14:08:54,207 :: INFO :: started task ArxivClusteringP2P(name='ArxivClusteringP2P', languages=['eng'])
2025-01-15 14:13:43,432 :: INFO :: ended task ArxivClusteringP2P(name='ArxivClusteringP2P', languages=['eng'])
2025-01-15 14:13:43,432 :: INFO :: started task BiorxivClusteringP2P(name='BiorxivClusteringP2P', languages=['eng'])
2025-01-15 14:14:36,275 :: INFO :: ended task BiorxivClusteringP2P(name='BiorxivClusteringP2P', languages=['eng'])
2025-01-15 14:14:36,275 :: INFO :: started task MedrxivClusteringP2P(name='MedrxivClusteringP2P', languages=['eng'])
2025-01-15 14:15:09,617 :: INFO :: ended task MedrxivClusteringP2P(name='MedrxivClusteringP2P', languages=['eng'])
2025-01-15 14:15:09,617 :: INFO :: started task MindSmallReranking(name='MindSmallReranking', languages=['eng'])
2025-01-15 14:15:10,092 :: INFO :: ended task MindSmallReranking(name='MindSmallReranking', languages=['eng'])
2025-01-15 14:15:10,092 :: INFO :: started task RedditClusteringP2P(name='RedditClusteringP2P', languages=['eng'])
2025-01-15 14:17:51,025 :: INFO :: ended task RedditClusteringP2P(name='RedditClusteringP2P', languages=['eng'])
2025-01-15 14:17:51,026 :: INFO :: started task SCIDOCS(name='SCIDOCS', languages=['eng'])
2025-01-15 14:18:05,380 :: INFO :: ended task SCIDOCS(name='SCIDOCS', languages=['eng'])
2025-01-15 14:18:05,380 :: INFO :: started task SciDocsReranking(name='SciDocsRR', languages=['eng'])
2025-01-15 14:18:05,783 :: INFO :: ended task SciDocsReranking(name='SciDocsRR', languages=['eng'])
2025-01-15 14:18:05,783 :: INFO :: started task StackExchangeClusteringP2P(name='StackExchangeClusteringP2P', languages=['eng'])
2025-01-15 14:18:39,419 :: INFO :: ended task StackExchangeClusteringP2P(name='StackExchangeClusteringP2P', languages=['eng'])
2025-01-15 14:18:39,419 :: INFO :: started task STS15STS(name='STS15', languages=['eng'])
2025-01-15 14:18:40,122 :: INFO :: ended task STS15STS(name='STS15', languages=['eng'])
2025-01-15 14:18:40,123 :: INFO :: started task STS16STS(name='STS16', languages=['eng'])
2025-01-15 14:21:57,515 :: INFO :: logger set up successfully
2025-01-15 14:21:57,517 :: INFO :: started task ArguAna(name='ArguAna', languages=['eng'])
2025-01-15 14:21:57,877 :: INFO :: ended task ArguAna(name='ArguAna', languages=['eng'])
2025-01-15 14:21:57,877 :: INFO :: started task ArxivClusteringP2P(name='ArxivClusteringP2P', languages=['eng'])
2025-01-15 14:21:58,232 :: INFO :: ended task ArxivClusteringP2P(name='ArxivClusteringP2P', languages=['eng'])
2025-01-15 14:21:58,232 :: INFO :: started task BiorxivClusteringP2P(name='BiorxivClusteringP2P', languages=['eng'])
2025-01-15 14:21:58,586 :: INFO :: ended task BiorxivClusteringP2P(name='BiorxivClusteringP2P', languages=['eng'])
2025-01-15 14:21:58,587 :: INFO :: started task MedrxivClusteringP2P(name='MedrxivClusteringP2P', languages=['eng'])
2025-01-15 14:21:58,940 :: INFO :: ended task MedrxivClusteringP2P(name='MedrxivClusteringP2P', languages=['eng'])
2025-01-15 14:21:58,940 :: INFO :: started task MindSmallReranking(name='MindSmallReranking', languages=['eng'])
2025-01-15 14:21:59,294 :: INFO :: ended task MindSmallReranking(name='MindSmallReranking', languages=['eng'])
2025-01-15 14:21:59,294 :: INFO :: started task RedditClusteringP2P(name='RedditClusteringP2P', languages=['eng'])
2025-01-15 14:21:59,648 :: INFO :: ended task RedditClusteringP2P(name='RedditClusteringP2P', languages=['eng'])
2025-01-15 14:21:59,649 :: INFO :: started task SCIDOCS(name='SCIDOCS', languages=['eng'])
2025-01-15 14:22:00,004 :: INFO :: ended task SCIDOCS(name='SCIDOCS', languages=['eng'])
2025-01-15 14:22:00,004 :: INFO :: started task SciDocsReranking(name='SciDocsRR', languages=['eng'])
2025-01-15 14:22:00,359 :: INFO :: ended task SciDocsReranking(name='SciDocsRR', languages=['eng'])
2025-01-15 14:22:00,359 :: INFO :: started task StackExchangeClusteringP2P(name='StackExchangeClusteringP2P', languages=['eng'])
2025-01-15 14:22:00,713 :: INFO :: ended task StackExchangeClusteringP2P(name='StackExchangeClusteringP2P', languages=['eng'])
2025-01-15 14:22:00,713 :: INFO :: started task STS15STS(name='STS15', languages=['eng'])
2025-01-15 14:22:01,066 :: INFO :: ended task STS15STS(name='STS15', languages=['eng'])
2025-01-15 14:22:01,066 :: INFO :: started task STS16STS(name='STS16', languages=['eng'])
2025-01-15 14:22:01,445 :: INFO :: ended task STS16STS(name='STS16', languages=['eng'])
2025-01-15 14:22:01,445 :: INFO :: started task STSBenchmarkSTS(name='STSBenchmark', languages=['eng'])
2025-01-15 14:22:01,799 :: INFO :: ended task STSBenchmarkSTS(name='STSBenchmark', languages=['eng'])
2025-01-15 14:22:01,799 :: INFO :: started task ArguAna(name='ArguAna', languages=['eng'])
2025-01-15 14:22:02,153 :: INFO :: ended task ArguAna(name='ArguAna', languages=['eng'])
2025-01-15 14:22:02,153 :: INFO :: started task ArxivClusteringP2P(name='ArxivClusteringP2P', languages=['eng'])
2025-01-15 14:22:02,506 :: INFO :: ended task ArxivClusteringP2P(name='ArxivClusteringP2P', languages=['eng'])
2025-01-15 14:22:02,506 :: INFO :: started task BiorxivClusteringP2P(name='BiorxivClusteringP2P', languages=['eng'])
2025-01-15 14:22:02,863 :: INFO :: ended task BiorxivClusteringP2P(name='BiorxivClusteringP2P', languages=['eng'])
2025-01-15 14:22:02,863 :: INFO :: started task MedrxivClusteringP2P(name='MedrxivClusteringP2P', languages=['eng'])
2025-01-15 14:22:03,244 :: INFO :: ended task MedrxivClusteringP2P(name='MedrxivClusteringP2P', languages=['eng'])
2025-01-15 14:22:03,244 :: INFO :: started task MindSmallReranking(name='MindSmallReranking', languages=['eng'])
2025-01-15 14:22:03,598 :: INFO :: ended task MindSmallReranking(name='MindSmallReranking', languages=['eng'])
2025-01-15 14:22:03,598 :: INFO :: started task RedditClusteringP2P(name='RedditClusteringP2P', languages=['eng'])
2025-01-15 14:22:03,950 :: INFO :: ended task RedditClusteringP2P(name='RedditClusteringP2P', languages=['eng'])
2025-01-15 14:22:03,950 :: INFO :: started task SCIDOCS(name='SCIDOCS', languages=['eng'])
2025-01-15 14:22:04,304 :: INFO :: ended task SCIDOCS(name='SCIDOCS', languages=['eng'])
2025-01-15 14:22:04,304 :: INFO :: started task SciDocsReranking(name='SciDocsRR', languages=['eng'])
2025-01-15 14:22:04,869 :: INFO :: ended task SciDocsReranking(name='SciDocsRR', languages=['eng'])
2025-01-15 14:22:04,869 :: INFO :: started task StackExchangeClusteringP2P(name='StackExchangeClusteringP2P', languages=['eng'])
2025-01-15 14:22:05,503 :: INFO :: ended task StackExchangeClusteringP2P(name='StackExchangeClusteringP2P', languages=['eng'])
2025-01-15 14:22:05,504 :: INFO :: started task STS15STS(name='STS15', languages=['eng'])
2025-01-15 14:22:06,116 :: INFO :: ended task STS15STS(name='STS15', languages=['eng'])
2025-01-15 14:22:06,117 :: INFO :: started task STS16STS(name='STS16', languages=['eng'])
2025-01-15 14:22:06,763 :: INFO :: ended task STS16STS(name='STS16', languages=['eng'])
2025-01-15 14:22:06,763 :: INFO :: started task STSBenchmarkSTS(name='STSBenchmark', languages=['eng'])
2025-01-15 14:22:07,221 :: INFO :: ended task STSBenchmarkSTS(name='STSBenchmark', languages=['eng'])
2025-01-15 14:22:07,221 :: INFO :: started task ArguAna(name='ArguAna', languages=['eng'])
2025-01-15 14:22:07,637 :: INFO :: ended task ArguAna(name='ArguAna', languages=['eng'])
2025-01-15 14:22:07,637 :: INFO :: started task ArxivClusteringP2P(name='ArxivClusteringP2P', languages=['eng'])
2025-01-15 14:22:08,057 :: INFO :: ended task ArxivClusteringP2P(name='ArxivClusteringP2P', languages=['eng'])
2025-01-15 14:22:08,057 :: INFO :: started task BiorxivClusteringP2P(name='BiorxivClusteringP2P', languages=['eng'])
2025-01-15 14:22:08,436 :: INFO :: ended task BiorxivClusteringP2P(name='BiorxivClusteringP2P', languages=['eng'])
2025-01-15 14:22:08,436 :: INFO :: started task MedrxivClusteringP2P(name='MedrxivClusteringP2P', languages=['eng'])
2025-01-15 14:22:08,816 :: INFO :: ended task MedrxivClusteringP2P(name='MedrxivClusteringP2P', languages=['eng'])
2025-01-15 14:22:08,816 :: INFO :: started task MindSmallReranking(name='MindSmallReranking', languages=['eng'])
2025-01-15 14:22:09,195 :: INFO :: ended task MindSmallReranking(name='MindSmallReranking', languages=['eng'])
2025-01-15 14:22:09,195 :: INFO :: started task RedditClusteringP2P(name='RedditClusteringP2P', languages=['eng'])
2025-01-15 14:22:09,576 :: INFO :: ended task RedditClusteringP2P(name='RedditClusteringP2P', languages=['eng'])
2025-01-15 14:22:09,576 :: INFO :: started task SCIDOCS(name='SCIDOCS', languages=['eng'])
2025-01-15 14:22:09,959 :: INFO :: ended task SCIDOCS(name='SCIDOCS', languages=['eng'])
2025-01-15 14:22:09,959 :: INFO :: started task SciDocsReranking(name='SciDocsRR', languages=['eng'])
2025-01-15 14:22:10,359 :: INFO :: ended task SciDocsReranking(name='SciDocsRR', languages=['eng'])
2025-01-15 14:22:10,359 :: INFO :: started task StackExchangeClusteringP2P(name='StackExchangeClusteringP2P', languages=['eng'])
2025-01-15 14:22:10,739 :: INFO :: ended task StackExchangeClusteringP2P(name='StackExchangeClusteringP2P', languages=['eng'])
2025-01-15 14:22:10,739 :: INFO :: started task STS15STS(name='STS15', languages=['eng'])
2025-01-15 14:22:11,118 :: INFO :: ended task STS15STS(name='STS15', languages=['eng'])
2025-01-15 14:22:11,119 :: INFO :: started task STS16STS(name='STS16', languages=['eng'])
2025-01-15 14:22:11,498 :: INFO :: ended task STS16STS(name='STS16', languages=['eng'])
2025-01-15 14:22:11,498 :: INFO :: started task STSBenchmarkSTS(name='STSBenchmark', languages=['eng'])
2025-01-15 14:22:11,877 :: INFO :: ended task STSBenchmarkSTS(name='STSBenchmark', languages=['eng'])
2025-01-15 14:22:11,878 :: INFO :: started task ArguAna(name='ArguAna', languages=['eng'])
2025-01-15 14:22:12,261 :: INFO :: ended task ArguAna(name='ArguAna', languages=['eng'])
2025-01-15 14:22:12,262 :: INFO :: started task ArxivClusteringP2P(name='ArxivClusteringP2P', languages=['eng'])
2025-01-15 14:22:12,679 :: INFO :: ended task ArxivClusteringP2P(name='ArxivClusteringP2P', languages=['eng'])
2025-01-15 14:22:12,679 :: INFO :: started task BiorxivClusteringP2P(name='BiorxivClusteringP2P', languages=['eng'])
2025-01-15 14:22:13,058 :: INFO :: ended task BiorxivClusteringP2P(name='BiorxivClusteringP2P', languages=['eng'])
2025-01-15 14:22:13,058 :: INFO :: started task MedrxivClusteringP2P(name='MedrxivClusteringP2P', languages=['eng'])
2025-01-15 14:22:13,437 :: INFO :: ended task MedrxivClusteringP2P(name='MedrxivClusteringP2P', languages=['eng'])
2025-01-15 14:22:13,437 :: INFO :: started task MindSmallReranking(name='MindSmallReranking', languages=['eng'])
2025-01-15 14:22:13,826 :: INFO :: ended task MindSmallReranking(name='MindSmallReranking', languages=['eng'])
2025-01-15 14:22:13,826 :: INFO :: started task RedditClusteringP2P(name='RedditClusteringP2P', languages=['eng'])
2025-01-15 14:22:14,206 :: INFO :: ended task RedditClusteringP2P(name='RedditClusteringP2P', languages=['eng'])
2025-01-15 14:22:14,206 :: INFO :: started task SCIDOCS(name='SCIDOCS', languages=['eng'])
2025-01-15 14:22:14,587 :: INFO :: ended task SCIDOCS(name='SCIDOCS', languages=['eng'])
2025-01-15 14:22:14,587 :: INFO :: started task SciDocsReranking(name='SciDocsRR', languages=['eng'])
2025-01-15 14:22:14,975 :: INFO :: ended task SciDocsReranking(name='SciDocsRR', languages=['eng'])
2025-01-15 14:22:14,975 :: INFO :: started task StackExchangeClusteringP2P(name='StackExchangeClusteringP2P', languages=['eng'])
2025-01-15 14:22:15,355 :: INFO :: ended task StackExchangeClusteringP2P(name='StackExchangeClusteringP2P', languages=['eng'])
2025-01-15 14:22:15,355 :: INFO :: started task STS15STS(name='STS15', languages=['eng'])
2025-01-15 14:22:15,734 :: INFO :: ended task STS15STS(name='STS15', languages=['eng'])
2025-01-15 14:22:15,734 :: INFO :: started task STS16STS(name='STS16', languages=['eng'])
2025-01-15 14:22:16,113 :: INFO :: ended task STS16STS(name='STS16', languages=['eng'])
2025-01-15 14:22:16,113 :: INFO :: started task STSBenchmarkSTS(name='STSBenchmark', languages=['eng'])
2025-01-15 14:22:16,493 :: INFO :: ended task STSBenchmarkSTS(name='STSBenchmark', languages=['eng'])
2025-01-15 14:22:16,493 :: INFO :: started task ArguAna(name='ArguAna', languages=['eng'])
2025-01-15 14:22:16,873 :: INFO :: ended task ArguAna(name='ArguAna', languages=['eng'])
2025-01-15 14:22:16,873 :: INFO :: started task ArxivClusteringP2P(name='ArxivClusteringP2P', languages=['eng'])
2025-01-15 14:22:17,253 :: INFO :: ended task ArxivClusteringP2P(name='ArxivClusteringP2P', languages=['eng'])
2025-01-15 14:22:17,253 :: INFO :: started task BiorxivClusteringP2P(name='BiorxivClusteringP2P', languages=['eng'])
2025-01-15 14:22:17,632 :: INFO :: ended task BiorxivClusteringP2P(name='BiorxivClusteringP2P', languages=['eng'])
2025-01-15 14:22:17,632 :: INFO :: started task MedrxivClusteringP2P(name='MedrxivClusteringP2P', languages=['eng'])
2025-01-15 14:22:18,011 :: INFO :: ended task MedrxivClusteringP2P(name='MedrxivClusteringP2P', languages=['eng'])
2025-01-15 14:22:18,011 :: INFO :: started task MindSmallReranking(name='MindSmallReranking', languages=['eng'])
2025-01-15 14:22:18,414 :: INFO :: ended task MindSmallReranking(name='MindSmallReranking', languages=['eng'])
2025-01-15 14:22:18,414 :: INFO :: started task RedditClusteringP2P(name='RedditClusteringP2P', languages=['eng'])
2025-01-15 14:22:18,794 :: INFO :: ended task RedditClusteringP2P(name='RedditClusteringP2P', languages=['eng'])
2025-01-15 14:22:18,794 :: INFO :: started task SCIDOCS(name='SCIDOCS', languages=['eng'])
2025-01-15 14:22:19,173 :: INFO :: ended task SCIDOCS(name='SCIDOCS', languages=['eng'])
2025-01-15 14:22:19,173 :: INFO :: started task SciDocsReranking(name='SciDocsRR', languages=['eng'])
2025-01-15 14:22:19,553 :: INFO :: ended task SciDocsReranking(name='SciDocsRR', languages=['eng'])
2025-01-15 14:22:19,553 :: INFO :: started task StackExchangeClusteringP2P(name='StackExchangeClusteringP2P', languages=['eng'])
2025-01-15 14:22:19,932 :: INFO :: ended task StackExchangeClusteringP2P(name='StackExchangeClusteringP2P', languages=['eng'])
2025-01-15 14:22:19,932 :: INFO :: started task STS15STS(name='STS15', languages=['eng'])
2025-01-15 14:22:20,311 :: INFO :: ended task STS15STS(name='STS15', languages=['eng'])
2025-01-15 14:22:20,311 :: INFO :: started task STS16STS(name='STS16', languages=['eng'])
2025-01-15 14:22:20,691 :: INFO :: ended task STS16STS(name='STS16', languages=['eng'])
2025-01-15 14:22:20,691 :: INFO :: started task STSBenchmarkSTS(name='STSBenchmark', languages=['eng'])
2025-01-15 14:22:21,070 :: INFO :: ended task STSBenchmarkSTS(name='STSBenchmark', languages=['eng'])
2025-01-15 14:22:21,070 :: INFO :: started task ArguAna(name='ArguAna', languages=['eng'])
2025-01-15 14:22:21,449 :: INFO :: ended task ArguAna(name='ArguAna', languages=['eng'])
2025-01-15 14:22:21,449 :: INFO :: started task ArxivClusteringP2P(name='ArxivClusteringP2P', languages=['eng'])
2025-01-15 14:22:21,843 :: INFO :: ended task ArxivClusteringP2P(name='ArxivClusteringP2P', languages=['eng'])
2025-01-15 14:22:21,844 :: INFO :: started task BiorxivClusteringP2P(name='BiorxivClusteringP2P', languages=['eng'])
2025-01-15 14:22:22,252 :: INFO :: ended task BiorxivClusteringP2P(name='BiorxivClusteringP2P', languages=['eng'])
2025-01-15 14:22:22,252 :: INFO :: started task MedrxivClusteringP2P(name='MedrxivClusteringP2P', languages=['eng'])
2025-01-15 14:22:22,611 :: INFO :: ended task MedrxivClusteringP2P(name='MedrxivClusteringP2P', languages=['eng'])
2025-01-15 14:22:22,612 :: INFO :: started task MindSmallReranking(name='MindSmallReranking', languages=['eng'])
2025-01-15 14:22:22,971 :: INFO :: ended task MindSmallReranking(name='MindSmallReranking', languages=['eng'])
2025-01-15 14:22:22,971 :: INFO :: started task RedditClusteringP2P(name='RedditClusteringP2P', languages=['eng'])
2025-01-15 14:22:23,330 :: INFO :: ended task RedditClusteringP2P(name='RedditClusteringP2P', languages=['eng'])
2025-01-15 14:22:23,330 :: INFO :: started task SCIDOCS(name='SCIDOCS', languages=['eng'])
2025-01-15 14:22:23,689 :: INFO :: ended task SCIDOCS(name='SCIDOCS', languages=['eng'])
2025-01-15 14:22:23,689 :: INFO :: started task SciDocsReranking(name='SciDocsRR', languages=['eng'])
2025-01-15 14:22:24,049 :: INFO :: ended task SciDocsReranking(name='SciDocsRR', languages=['eng'])
2025-01-15 14:22:24,049 :: INFO :: started task StackExchangeClusteringP2P(name='StackExchangeClusteringP2P', languages=['eng'])
2025-01-15 14:22:24,408 :: INFO :: ended task StackExchangeClusteringP2P(name='StackExchangeClusteringP2P', languages=['eng'])
2025-01-15 14:22:24,408 :: INFO :: started task STS15STS(name='STS15', languages=['eng'])
2025-01-15 14:22:24,767 :: INFO :: ended task STS15STS(name='STS15', languages=['eng'])
2025-01-15 14:22:24,767 :: INFO :: started task STS16STS(name='STS16', languages=['eng'])
2025-01-15 14:22:25,126 :: INFO :: ended task STS16STS(name='STS16', languages=['eng'])
2025-01-15 14:22:25,126 :: INFO :: started task STSBenchmarkSTS(name='STSBenchmark', languages=['eng'])
2025-01-15 14:22:25,487 :: INFO :: ended task STSBenchmarkSTS(name='STSBenchmark', languages=['eng'])
2025-01-15 14:22:25,487 :: INFO :: started task ArguAna(name='ArguAna', languages=['eng'])
2025-01-15 14:22:25,855 :: INFO :: ended task ArguAna(name='ArguAna', languages=['eng'])
2025-01-15 14:22:25,855 :: INFO :: started task ArxivClusteringP2P(name='ArxivClusteringP2P', languages=['eng'])
2025-01-15 14:22:26,214 :: INFO :: ended task ArxivClusteringP2P(name='ArxivClusteringP2P', languages=['eng'])
2025-01-15 14:22:26,214 :: INFO :: started task BiorxivClusteringP2P(name='BiorxivClusteringP2P', languages=['eng'])
2025-01-15 14:22:26,574 :: INFO :: ended task BiorxivClusteringP2P(name='BiorxivClusteringP2P', languages=['eng'])
2025-01-15 14:22:26,574 :: INFO :: started task MedrxivClusteringP2P(name='MedrxivClusteringP2P', languages=['eng'])
2025-01-15 14:22:26,933 :: INFO :: ended task MedrxivClusteringP2P(name='MedrxivClusteringP2P', languages=['eng'])
2025-01-15 14:22:26,933 :: INFO :: started task MindSmallReranking(name='MindSmallReranking', languages=['eng'])
2025-01-15 14:22:27,293 :: INFO :: ended task MindSmallReranking(name='MindSmallReranking', languages=['eng'])
2025-01-15 14:22:27,293 :: INFO :: started task RedditClusteringP2P(name='RedditClusteringP2P', languages=['eng'])
2025-01-15 14:22:27,652 :: INFO :: ended task RedditClusteringP2P(name='RedditClusteringP2P', languages=['eng'])
2025-01-15 14:22:27,652 :: INFO :: started task SCIDOCS(name='SCIDOCS', languages=['eng'])
2025-01-15 14:22:28,011 :: INFO :: ended task SCIDOCS(name='SCIDOCS', languages=['eng'])
2025-01-15 14:22:28,011 :: INFO :: started task SciDocsReranking(name='SciDocsRR', languages=['eng'])
2025-01-15 14:22:28,370 :: INFO :: ended task SciDocsReranking(name='SciDocsRR', languages=['eng'])
2025-01-15 14:22:28,370 :: INFO :: started task StackExchangeClusteringP2P(name='StackExchangeClusteringP2P', languages=['eng'])
2025-01-15 14:22:28,729 :: INFO :: ended task StackExchangeClusteringP2P(name='StackExchangeClusteringP2P', languages=['eng'])
2025-01-15 14:22:28,729 :: INFO :: started task STS15STS(name='STS15', languages=['eng'])
2025-01-15 14:22:29,089 :: INFO :: ended task STS15STS(name='STS15', languages=['eng'])
2025-01-15 14:22:29,089 :: INFO :: started task STS16STS(name='STS16', languages=['eng'])
2025-01-15 14:22:29,448 :: INFO :: ended task STS16STS(name='STS16', languages=['eng'])
2025-01-15 14:22:29,448 :: INFO :: started task STSBenchmarkSTS(name='STSBenchmark', languages=['eng'])
2025-01-15 14:22:29,807 :: INFO :: ended task STSBenchmarkSTS(name='STSBenchmark', languages=['eng'])
2025-01-15 14:22:29,807 :: INFO :: started task ArguAna(name='ArguAna', languages=['eng'])
2025-01-15 14:22:30,166 :: INFO :: ended task ArguAna(name='ArguAna', languages=['eng'])
2025-01-15 14:22:30,166 :: INFO :: started task ArxivClusteringP2P(name='ArxivClusteringP2P', languages=['eng'])
2025-01-15 14:22:30,526 :: INFO :: ended task ArxivClusteringP2P(name='ArxivClusteringP2P', languages=['eng'])
2025-01-15 14:22:30,526 :: INFO :: started task BiorxivClusteringP2P(name='BiorxivClusteringP2P', languages=['eng'])
2025-01-15 14:22:30,885 :: INFO :: ended task BiorxivClusteringP2P(name='BiorxivClusteringP2P', languages=['eng'])
2025-01-15 14:22:30,885 :: INFO :: started task MedrxivClusteringP2P(name='MedrxivClusteringP2P', languages=['eng'])
2025-01-15 14:22:31,253 :: INFO :: ended task MedrxivClusteringP2P(name='MedrxivClusteringP2P', languages=['eng'])
2025-01-15 14:22:31,253 :: INFO :: started task MindSmallReranking(name='MindSmallReranking', languages=['eng'])
2025-01-15 14:22:31,629 :: INFO :: ended task MindSmallReranking(name='MindSmallReranking', languages=['eng'])
2025-01-15 14:22:31,629 :: INFO :: started task RedditClusteringP2P(name='RedditClusteringP2P', languages=['eng'])
2025-01-15 14:22:31,988 :: INFO :: ended task RedditClusteringP2P(name='RedditClusteringP2P', languages=['eng'])
2025-01-15 14:22:31,988 :: INFO :: started task SCIDOCS(name='SCIDOCS', languages=['eng'])
2025-01-15 14:22:32,348 :: INFO :: ended task SCIDOCS(name='SCIDOCS', languages=['eng'])
2025-01-15 14:22:32,348 :: INFO :: started task SciDocsReranking(name='SciDocsRR', languages=['eng'])
2025-01-15 14:22:32,707 :: INFO :: ended task SciDocsReranking(name='SciDocsRR', languages=['eng'])
2025-01-15 14:22:32,707 :: INFO :: started task StackExchangeClusteringP2P(name='StackExchangeClusteringP2P', languages=['eng'])
2025-01-15 14:22:33,067 :: INFO :: ended task StackExchangeClusteringP2P(name='StackExchangeClusteringP2P', languages=['eng'])
2025-01-15 14:22:33,067 :: INFO :: started task STS15STS(name='STS15', languages=['eng'])
2025-01-15 14:22:33,426 :: INFO :: ended task STS15STS(name='STS15', languages=['eng'])
2025-01-15 14:22:33,426 :: INFO :: started task STS16STS(name='STS16', languages=['eng'])
2025-01-15 14:22:33,785 :: INFO :: ended task STS16STS(name='STS16', languages=['eng'])
2025-01-15 14:22:33,786 :: INFO :: started task STSBenchmarkSTS(name='STSBenchmark', languages=['eng'])
2025-01-15 14:22:34,145 :: INFO :: ended task STSBenchmarkSTS(name='STSBenchmark', languages=['eng'])
2025-01-15 14:22:34,145 :: INFO :: started task ArguAna(name='ArguAna', languages=['eng'])
2025-01-15 14:22:34,505 :: INFO :: ended task ArguAna(name='ArguAna', languages=['eng'])
2025-01-15 14:22:34,505 :: INFO :: started task ArxivClusteringP2P(name='ArxivClusteringP2P', languages=['eng'])
2025-01-15 14:22:34,864 :: INFO :: ended task ArxivClusteringP2P(name='ArxivClusteringP2P', languages=['eng'])
2025-01-15 14:22:34,864 :: INFO :: started task BiorxivClusteringP2P(name='BiorxivClusteringP2P', languages=['eng'])
2025-01-15 14:22:35,224 :: INFO :: ended task BiorxivClusteringP2P(name='BiorxivClusteringP2P', languages=['eng'])
2025-01-15 14:22:35,224 :: INFO :: started task MedrxivClusteringP2P(name='MedrxivClusteringP2P', languages=['eng'])
2025-01-15 14:22:35,583 :: INFO :: ended task MedrxivClusteringP2P(name='MedrxivClusteringP2P', languages=['eng'])
2025-01-15 14:22:35,583 :: INFO :: started task MindSmallReranking(name='MindSmallReranking', languages=['eng'])
2025-01-15 14:22:35,942 :: INFO :: ended task MindSmallReranking(name='MindSmallReranking', languages=['eng'])
2025-01-15 14:22:35,942 :: INFO :: started task RedditClusteringP2P(name='RedditClusteringP2P', languages=['eng'])
2025-01-15 14:22:36,302 :: INFO :: ended task RedditClusteringP2P(name='RedditClusteringP2P', languages=['eng'])
2025-01-15 14:22:36,302 :: INFO :: started task SCIDOCS(name='SCIDOCS', languages=['eng'])
2025-01-15 14:22:36,664 :: INFO :: ended task SCIDOCS(name='SCIDOCS', languages=['eng'])
2025-01-15 14:22:36,664 :: INFO :: started task SciDocsReranking(name='SciDocsRR', languages=['eng'])
2025-01-15 14:22:37,047 :: INFO :: ended task SciDocsReranking(name='SciDocsRR', languages=['eng'])
2025-01-15 14:22:37,048 :: INFO :: started task StackExchangeClusteringP2P(name='StackExchangeClusteringP2P', languages=['eng'])
2025-01-15 14:22:37,423 :: INFO :: ended task StackExchangeClusteringP2P(name='StackExchangeClusteringP2P', languages=['eng'])
2025-01-15 14:22:37,423 :: INFO :: started task STS15STS(name='STS15', languages=['eng'])
2025-01-15 14:22:37,784 :: INFO :: ended task STS15STS(name='STS15', languages=['eng'])
2025-01-15 14:22:37,784 :: INFO :: started task STS16STS(name='STS16', languages=['eng'])
2025-01-15 14:22:38,145 :: INFO :: ended task STS16STS(name='STS16', languages=['eng'])
2025-01-15 14:22:38,145 :: INFO :: started task STSBenchmarkSTS(name='STSBenchmark', languages=['eng'])
2025-01-15 14:22:38,505 :: INFO :: ended task STSBenchmarkSTS(name='STSBenchmark', languages=['eng'])
2025-01-15 14:22:38,505 :: INFO :: started task ArguAna(name='ArguAna', languages=['eng'])
2025-01-15 14:22:38,865 :: INFO :: ended task ArguAna(name='ArguAna', languages=['eng'])
2025-01-15 14:22:38,865 :: INFO :: started task ArxivClusteringP2P(name='ArxivClusteringP2P', languages=['eng'])
2025-01-15 14:22:39,225 :: INFO :: ended task ArxivClusteringP2P(name='ArxivClusteringP2P', languages=['eng'])
2025-01-15 14:22:39,225 :: INFO :: started task BiorxivClusteringP2P(name='BiorxivClusteringP2P', languages=['eng'])
2025-01-15 14:22:39,585 :: INFO :: ended task BiorxivClusteringP2P(name='BiorxivClusteringP2P', languages=['eng'])
2025-01-15 14:22:39,585 :: INFO :: started task MedrxivClusteringP2P(name='MedrxivClusteringP2P', languages=['eng'])
2025-01-15 14:22:39,944 :: INFO :: ended task MedrxivClusteringP2P(name='MedrxivClusteringP2P', languages=['eng'])
2025-01-15 14:22:39,944 :: INFO :: started task MindSmallReranking(name='MindSmallReranking', languages=['eng'])
2025-01-15 14:22:40,303 :: INFO :: ended task MindSmallReranking(name='MindSmallReranking', languages=['eng'])
2025-01-15 14:22:40,303 :: INFO :: started task RedditClusteringP2P(name='RedditClusteringP2P', languages=['eng'])
2025-01-15 14:22:40,661 :: INFO :: ended task RedditClusteringP2P(name='RedditClusteringP2P', languages=['eng'])
2025-01-15 14:22:40,662 :: INFO :: started task SCIDOCS(name='SCIDOCS', languages=['eng'])
2025-01-15 14:22:41,021 :: INFO :: ended task SCIDOCS(name='SCIDOCS', languages=['eng'])
2025-01-15 14:22:41,021 :: INFO :: started task SciDocsReranking(name='SciDocsRR', languages=['eng'])
2025-01-15 14:22:41,380 :: INFO :: ended task SciDocsReranking(name='SciDocsRR', languages=['eng'])
2025-01-15 14:22:41,380 :: INFO :: started task StackExchangeClusteringP2P(name='StackExchangeClusteringP2P', languages=['eng'])
2025-01-15 14:22:41,739 :: INFO :: ended task StackExchangeClusteringP2P(name='StackExchangeClusteringP2P', languages=['eng'])
2025-01-15 14:22:41,739 :: INFO :: started task STS15STS(name='STS15', languages=['eng'])
2025-01-15 14:22:42,098 :: INFO :: ended task STS15STS(name='STS15', languages=['eng'])
2025-01-15 14:22:42,098 :: INFO :: started task STS16STS(name='STS16', languages=['eng'])
2025-01-15 14:22:42,457 :: INFO :: ended task STS16STS(name='STS16', languages=['eng'])
2025-01-15 14:22:42,457 :: INFO :: started task STSBenchmarkSTS(name='STSBenchmark', languages=['eng'])
2025-01-15 14:22:42,818 :: INFO :: ended task STSBenchmarkSTS(name='STSBenchmark', languages=['eng'])
2025-01-15 14:22:42,818 :: INFO :: started task ArguAna(name='ArguAna', languages=['eng'])
2025-01-15 14:22:43,186 :: INFO :: ended task ArguAna(name='ArguAna', languages=['eng'])
2025-01-15 14:22:43,187 :: INFO :: started task ArxivClusteringP2P(name='ArxivClusteringP2P', languages=['eng'])
2025-01-15 14:22:43,546 :: INFO :: ended task ArxivClusteringP2P(name='ArxivClusteringP2P', languages=['eng'])
2025-01-15 14:22:43,546 :: INFO :: started task BiorxivClusteringP2P(name='BiorxivClusteringP2P', languages=['eng'])
2025-01-15 14:22:43,905 :: INFO :: ended task BiorxivClusteringP2P(name='BiorxivClusteringP2P', languages=['eng'])
2025-01-15 14:22:43,905 :: INFO :: started task MedrxivClusteringP2P(name='MedrxivClusteringP2P', languages=['eng'])
2025-01-15 14:22:44,265 :: INFO :: ended task MedrxivClusteringP2P(name='MedrxivClusteringP2P', languages=['eng'])
2025-01-15 14:22:44,265 :: INFO :: started task MindSmallReranking(name='MindSmallReranking', languages=['eng'])
2025-01-15 14:22:44,624 :: INFO :: ended task MindSmallReranking(name='MindSmallReranking', languages=['eng'])
2025-01-15 14:22:44,624 :: INFO :: started task RedditClusteringP2P(name='RedditClusteringP2P', languages=['eng'])
2025-01-15 14:22:44,983 :: INFO :: ended task RedditClusteringP2P(name='RedditClusteringP2P', languages=['eng'])
2025-01-15 14:22:44,983 :: INFO :: started task SCIDOCS(name='SCIDOCS', languages=['eng'])
2025-01-15 14:22:45,342 :: INFO :: ended task SCIDOCS(name='SCIDOCS', languages=['eng'])
2025-01-15 14:22:45,342 :: INFO :: started task SciDocsReranking(name='SciDocsRR', languages=['eng'])
2025-01-15 14:22:45,701 :: INFO :: ended task SciDocsReranking(name='SciDocsRR', languages=['eng'])
2025-01-15 14:22:45,701 :: INFO :: started task StackExchangeClusteringP2P(name='StackExchangeClusteringP2P', languages=['eng'])
2025-01-15 14:22:46,060 :: INFO :: ended task StackExchangeClusteringP2P(name='StackExchangeClusteringP2P', languages=['eng'])
2025-01-15 14:22:46,060 :: INFO :: started task STS15STS(name='STS15', languages=['eng'])
2025-01-15 14:22:46,419 :: INFO :: ended task STS15STS(name='STS15', languages=['eng'])
2025-01-15 14:22:46,419 :: INFO :: started task STS16STS(name='STS16', languages=['eng'])
2025-01-15 14:22:46,778 :: INFO :: ended task STS16STS(name='STS16', languages=['eng'])
2025-01-15 14:22:46,778 :: INFO :: started task STSBenchmarkSTS(name='STSBenchmark', languages=['eng'])
2025-01-15 14:22:47,137 :: INFO :: ended task STSBenchmarkSTS(name='STSBenchmark', languages=['eng'])
2025-01-15 14:22:47,137 :: INFO :: started task ArguAna(name='ArguAna', languages=['eng'])
2025-01-15 14:22:47,497 :: INFO :: ended task ArguAna(name='ArguAna', languages=['eng'])
2025-01-15 14:22:47,497 :: INFO :: started task ArxivClusteringP2P(name='ArxivClusteringP2P', languages=['eng'])
2025-01-15 14:22:47,856 :: INFO :: ended task ArxivClusteringP2P(name='ArxivClusteringP2P', languages=['eng'])
2025-01-15 14:22:47,856 :: INFO :: started task BiorxivClusteringP2P(name='BiorxivClusteringP2P', languages=['eng'])
2025-01-15 14:22:48,216 :: INFO :: ended task BiorxivClusteringP2P(name='BiorxivClusteringP2P', languages=['eng'])
2025-01-15 14:22:48,216 :: INFO :: started task MedrxivClusteringP2P(name='MedrxivClusteringP2P', languages=['eng'])
2025-01-15 14:22:48,576 :: INFO :: ended task MedrxivClusteringP2P(name='MedrxivClusteringP2P', languages=['eng'])
2025-01-15 14:22:48,576 :: INFO :: started task MindSmallReranking(name='MindSmallReranking', languages=['eng'])
2025-01-15 14:22:48,935 :: INFO :: ended task MindSmallReranking(name='MindSmallReranking', languages=['eng'])
2025-01-15 14:22:48,935 :: INFO :: started task RedditClusteringP2P(name='RedditClusteringP2P', languages=['eng'])
2025-01-15 14:22:49,294 :: INFO :: ended task RedditClusteringP2P(name='RedditClusteringP2P', languages=['eng'])
2025-01-15 14:22:49,294 :: INFO :: started task SCIDOCS(name='SCIDOCS', languages=['eng'])
2025-01-15 14:22:49,653 :: INFO :: ended task SCIDOCS(name='SCIDOCS', languages=['eng'])
2025-01-15 14:22:49,653 :: INFO :: started task SciDocsReranking(name='SciDocsRR', languages=['eng'])
2025-01-15 14:22:50,012 :: INFO :: ended task SciDocsReranking(name='SciDocsRR', languages=['eng'])
2025-01-15 14:22:50,012 :: INFO :: started task StackExchangeClusteringP2P(name='StackExchangeClusteringP2P', languages=['eng'])
2025-01-15 14:22:50,371 :: INFO :: ended task StackExchangeClusteringP2P(name='StackExchangeClusteringP2P', languages=['eng'])
2025-01-15 14:22:50,371 :: INFO :: started task STS15STS(name='STS15', languages=['eng'])
2025-01-15 14:22:50,730 :: INFO :: ended task STS15STS(name='STS15', languages=['eng'])
2025-01-15 14:22:50,730 :: INFO :: started task STS16STS(name='STS16', languages=['eng'])
2025-01-15 14:22:51,089 :: INFO :: ended task STS16STS(name='STS16', languages=['eng'])
2025-01-15 14:22:51,089 :: INFO :: started task STSBenchmarkSTS(name='STSBenchmark', languages=['eng'])
2025-01-15 14:22:51,448 :: INFO :: ended task STSBenchmarkSTS(name='STSBenchmark', languages=['eng'])
2025-01-15 14:22:51,448 :: INFO :: started task ArguAna(name='ArguAna', languages=['eng'])
2025-01-15 14:22:51,808 :: INFO :: ended task ArguAna(name='ArguAna', languages=['eng'])
2025-01-15 14:22:51,808 :: INFO :: started task ArxivClusteringP2P(name='ArxivClusteringP2P', languages=['eng'])
2025-01-15 14:22:52,192 :: INFO :: ended task ArxivClusteringP2P(name='ArxivClusteringP2P', languages=['eng'])
2025-01-15 14:22:52,192 :: INFO :: started task BiorxivClusteringP2P(name='BiorxivClusteringP2P', languages=['eng'])
2025-01-15 14:22:52,551 :: INFO :: ended task BiorxivClusteringP2P(name='BiorxivClusteringP2P', languages=['eng'])
2025-01-15 14:22:52,551 :: INFO :: started task MedrxivClusteringP2P(name='MedrxivClusteringP2P', languages=['eng'])
2025-01-15 14:22:52,910 :: INFO :: ended task MedrxivClusteringP2P(name='MedrxivClusteringP2P', languages=['eng'])
2025-01-15 14:22:52,910 :: INFO :: started task MindSmallReranking(name='MindSmallReranking', languages=['eng'])
2025-01-15 14:22:53,268 :: INFO :: ended task MindSmallReranking(name='MindSmallReranking', languages=['eng'])
2025-01-15 14:22:53,268 :: INFO :: started task RedditClusteringP2P(name='RedditClusteringP2P', languages=['eng'])
2025-01-15 14:22:53,628 :: INFO :: ended task RedditClusteringP2P(name='RedditClusteringP2P', languages=['eng'])
2025-01-15 14:22:53,628 :: INFO :: started task SCIDOCS(name='SCIDOCS', languages=['eng'])
2025-01-15 14:22:53,987 :: INFO :: ended task SCIDOCS(name='SCIDOCS', languages=['eng'])
2025-01-15 14:22:53,987 :: INFO :: started task SciDocsReranking(name='SciDocsRR', languages=['eng'])
2025-01-15 14:22:54,345 :: INFO :: ended task SciDocsReranking(name='SciDocsRR', languages=['eng'])
2025-01-15 14:22:54,345 :: INFO :: started task StackExchangeClusteringP2P(name='StackExchangeClusteringP2P', languages=['eng'])
2025-01-15 14:22:54,704 :: INFO :: ended task StackExchangeClusteringP2P(name='StackExchangeClusteringP2P', languages=['eng'])
2025-01-15 14:22:54,705 :: INFO :: started task STS15STS(name='STS15', languages=['eng'])
2025-01-15 14:22:55,063 :: INFO :: ended task STS15STS(name='STS15', languages=['eng'])
2025-01-15 14:22:55,063 :: INFO :: started task STS16STS(name='STS16', languages=['eng'])
2025-01-15 14:22:55,422 :: INFO :: ended task STS16STS(name='STS16', languages=['eng'])
2025-01-15 14:22:55,422 :: INFO :: started task STSBenchmarkSTS(name='STSBenchmark', languages=['eng'])
2025-01-15 14:22:55,782 :: INFO :: ended task STSBenchmarkSTS(name='STSBenchmark', languages=['eng'])
2025-01-15 14:22:55,782 :: INFO :: started task ArguAna(name='ArguAna', languages=['eng'])
2025-01-15 14:22:56,141 :: INFO :: ended task ArguAna(name='ArguAna', languages=['eng'])
2025-01-15 14:22:56,142 :: INFO :: started task ArxivClusteringP2P(name='ArxivClusteringP2P', languages=['eng'])
2025-01-15 14:22:56,501 :: INFO :: ended task ArxivClusteringP2P(name='ArxivClusteringP2P', languages=['eng'])
2025-01-15 14:22:56,501 :: INFO :: started task BiorxivClusteringP2P(name='BiorxivClusteringP2P', languages=['eng'])
2025-01-15 14:22:56,861 :: INFO :: ended task BiorxivClusteringP2P(name='BiorxivClusteringP2P', languages=['eng'])
2025-01-15 14:22:56,861 :: INFO :: started task MedrxivClusteringP2P(name='MedrxivClusteringP2P', languages=['eng'])
2025-01-15 14:22:57,220 :: INFO :: ended task MedrxivClusteringP2P(name='MedrxivClusteringP2P', languages=['eng'])
2025-01-15 14:22:57,220 :: INFO :: started task MindSmallReranking(name='MindSmallReranking', languages=['eng'])
2025-01-15 14:22:57,579 :: INFO :: ended task MindSmallReranking(name='MindSmallReranking', languages=['eng'])
2025-01-15 14:22:57,579 :: INFO :: started task RedditClusteringP2P(name='RedditClusteringP2P', languages=['eng'])
2025-01-15 14:22:57,938 :: INFO :: ended task RedditClusteringP2P(name='RedditClusteringP2P', languages=['eng'])
2025-01-15 14:22:57,938 :: INFO :: started task SCIDOCS(name='SCIDOCS', languages=['eng'])
2025-01-15 14:22:58,297 :: INFO :: ended task SCIDOCS(name='SCIDOCS', languages=['eng'])
2025-01-15 14:22:58,297 :: INFO :: started task SciDocsReranking(name='SciDocsRR', languages=['eng'])
2025-01-15 14:22:58,656 :: INFO :: ended task SciDocsReranking(name='SciDocsRR', languages=['eng'])
2025-01-15 14:22:58,656 :: INFO :: started task StackExchangeClusteringP2P(name='StackExchangeClusteringP2P', languages=['eng'])
2025-01-15 14:22:59,015 :: INFO :: ended task StackExchangeClusteringP2P(name='StackExchangeClusteringP2P', languages=['eng'])
2025-01-15 14:22:59,015 :: INFO :: started task STS15STS(name='STS15', languages=['eng'])
2025-01-15 14:22:59,374 :: INFO :: ended task STS15STS(name='STS15', languages=['eng'])
2025-01-15 14:22:59,374 :: INFO :: started task STS16STS(name='STS16', languages=['eng'])
2025-01-15 14:22:59,733 :: INFO :: ended task STS16STS(name='STS16', languages=['eng'])
2025-01-15 14:22:59,733 :: INFO :: started task STSBenchmarkSTS(name='STSBenchmark', languages=['eng'])
2025-01-15 14:23:00,092 :: INFO :: ended task STSBenchmarkSTS(name='STSBenchmark', languages=['eng'])
2025-01-15 14:23:00,092 :: INFO :: started task ArguAna(name='ArguAna', languages=['eng'])
2025-01-15 14:23:00,452 :: INFO :: ended task ArguAna(name='ArguAna', languages=['eng'])
2025-01-15 14:23:00,452 :: INFO :: started task ArxivClusteringP2P(name='ArxivClusteringP2P', languages=['eng'])
2025-01-15 14:23:00,811 :: INFO :: ended task ArxivClusteringP2P(name='ArxivClusteringP2P', languages=['eng'])
2025-01-15 14:23:00,811 :: INFO :: started task BiorxivClusteringP2P(name='BiorxivClusteringP2P', languages=['eng'])
2025-01-15 14:23:01,174 :: INFO :: ended task BiorxivClusteringP2P(name='BiorxivClusteringP2P', languages=['eng'])
2025-01-15 14:23:01,174 :: INFO :: started task MedrxivClusteringP2P(name='MedrxivClusteringP2P', languages=['eng'])
2025-01-15 14:23:01,571 :: INFO :: ended task MedrxivClusteringP2P(name='MedrxivClusteringP2P', languages=['eng'])
2025-01-15 14:23:01,571 :: INFO :: started task MindSmallReranking(name='MindSmallReranking', languages=['eng'])
2025-01-15 14:23:01,930 :: INFO :: ended task MindSmallReranking(name='MindSmallReranking', languages=['eng'])
2025-01-15 14:23:01,930 :: INFO :: started task RedditClusteringP2P(name='RedditClusteringP2P', languages=['eng'])
2025-01-15 14:23:02,289 :: INFO :: ended task RedditClusteringP2P(name='RedditClusteringP2P', languages=['eng'])
2025-01-15 14:23:02,289 :: INFO :: started task SCIDOCS(name='SCIDOCS', languages=['eng'])
2025-01-15 14:23:02,649 :: INFO :: ended task SCIDOCS(name='SCIDOCS', languages=['eng'])
2025-01-15 14:23:02,649 :: INFO :: started task SciDocsReranking(name='SciDocsRR', languages=['eng'])
2025-01-15 14:23:03,008 :: INFO :: ended task SciDocsReranking(name='SciDocsRR', languages=['eng'])
2025-01-15 14:23:03,008 :: INFO :: started task StackExchangeClusteringP2P(name='StackExchangeClusteringP2P', languages=['eng'])
2025-01-15 14:23:03,367 :: INFO :: ended task StackExchangeClusteringP2P(name='StackExchangeClusteringP2P', languages=['eng'])
2025-01-15 14:23:03,367 :: INFO :: started task STS15STS(name='STS15', languages=['eng'])
2025-01-15 14:23:03,726 :: INFO :: ended task STS15STS(name='STS15', languages=['eng'])
2025-01-15 14:23:03,726 :: INFO :: started task STS16STS(name='STS16', languages=['eng'])
2025-01-15 14:23:04,085 :: INFO :: ended task STS16STS(name='STS16', languages=['eng'])
2025-01-15 14:23:04,085 :: INFO :: started task STSBenchmarkSTS(name='STSBenchmark', languages=['eng'])
2025-01-15 14:23:04,444 :: INFO :: ended task STSBenchmarkSTS(name='STSBenchmark', languages=['eng'])
2025-01-15 14:30:03,495 :: INFO :: logger set up successfully
2025-01-15 14:30:03,497 :: INFO :: started task ArguAna(name='ArguAna', languages=['eng'])
2025-01-15 14:30:18,212 :: INFO :: ended task ArguAna(name='ArguAna', languages=['eng'])
2025-01-15 14:30:18,212 :: INFO :: started task ArxivClusteringP2P(name='ArxivClusteringP2P', languages=['eng'])
2025-01-15 14:36:30,665 :: INFO :: ended task ArxivClusteringP2P(name='ArxivClusteringP2P', languages=['eng'])
2025-01-15 14:36:30,665 :: INFO :: started task BiorxivClusteringP2P(name='BiorxivClusteringP2P', languages=['eng'])
2025-01-15 14:37:37,183 :: INFO :: ended task BiorxivClusteringP2P(name='BiorxivClusteringP2P', languages=['eng'])
2025-01-15 14:37:37,183 :: INFO :: started task MedrxivClusteringP2P(name='MedrxivClusteringP2P', languages=['eng'])
2025-01-15 14:38:18,382 :: INFO :: ended task MedrxivClusteringP2P(name='MedrxivClusteringP2P', languages=['eng'])
2025-01-15 14:38:18,382 :: INFO :: started task MindSmallReranking(name='MindSmallReranking', languages=['eng'])
2025-01-15 14:43:29,768 :: INFO :: ended task MindSmallReranking(name='MindSmallReranking', languages=['eng'])
2025-01-15 14:43:29,768 :: INFO :: started task RedditClusteringP2P(name='RedditClusteringP2P', languages=['eng'])
2025-01-15 14:47:19,436 :: INFO :: ended task RedditClusteringP2P(name='RedditClusteringP2P', languages=['eng'])
2025-01-15 14:47:19,436 :: INFO :: started task SCIDOCS(name='SCIDOCS', languages=['eng'])
2025-01-15 14:47:46,011 :: INFO :: ended task SCIDOCS(name='SCIDOCS', languages=['eng'])
2025-01-15 14:47:46,011 :: INFO :: started task SciDocsReranking(name='SciDocsRR', languages=['eng'])
2025-01-15 14:48:08,712 :: INFO :: ended task SciDocsReranking(name='SciDocsRR', languages=['eng'])
2025-01-15 14:48:08,713 :: INFO :: started task StackExchangeClusteringP2P(name='StackExchangeClusteringP2P', languages=['eng'])
2025-01-15 14:49:43,095 :: INFO :: ended task StackExchangeClusteringP2P(name='StackExchangeClusteringP2P', languages=['eng'])
2025-01-15 14:49:43,095 :: INFO :: started task STS15STS(name='STS15', languages=['eng'])
2025-01-15 14:49:50,150 :: INFO :: ended task STS15STS(name='STS15', languages=['eng'])
2025-01-15 14:49:50,150 :: INFO :: started task STS16STS(name='STS16', languages=['eng'])
2025-01-15 14:49:56,194 :: INFO :: ended task STS16STS(name='STS16', languages=['eng'])
2025-01-15 14:49:56,194 :: INFO :: started task STSBenchmarkSTS(name='STSBenchmark', languages=['eng'])
2025-01-15 14:50:02,520 :: INFO :: ended task STSBenchmarkSTS(name='STSBenchmark', languages=['eng'])
2025-01-15 14:50:02,520 :: INFO :: started task ArguAna(name='ArguAna', languages=['eng'])
2025-01-15 14:50:02,913 :: INFO :: ended task ArguAna(name='ArguAna', languages=['eng'])
2025-01-15 14:50:02,913 :: INFO :: started task ArxivClusteringP2P(name='ArxivClusteringP2P', languages=['eng'])
2025-01-15 14:50:03,273 :: INFO :: ended task ArxivClusteringP2P(name='ArxivClusteringP2P', languages=['eng'])
2025-01-15 14:50:03,273 :: INFO :: started task BiorxivClusteringP2P(name='BiorxivClusteringP2P', languages=['eng'])
2025-01-15 14:50:03,633 :: INFO :: ended task BiorxivClusteringP2P(name='BiorxivClusteringP2P', languages=['eng'])
2025-01-15 14:50:03,633 :: INFO :: started task MedrxivClusteringP2P(name='MedrxivClusteringP2P', languages=['eng'])
2025-01-15 14:50:03,993 :: INFO :: ended task MedrxivClusteringP2P(name='MedrxivClusteringP2P', languages=['eng'])
2025-01-15 14:50:03,993 :: INFO :: started task MindSmallReranking(name='MindSmallReranking', languages=['eng'])
2025-01-15 14:50:04,353 :: INFO :: ended task MindSmallReranking(name='MindSmallReranking', languages=['eng'])
2025-01-15 14:50:04,353 :: INFO :: started task RedditClusteringP2P(name='RedditClusteringP2P', languages=['eng'])
2025-01-15 14:50:04,713 :: INFO :: ended task RedditClusteringP2P(name='RedditClusteringP2P', languages=['eng'])
2025-01-15 14:50:04,713 :: INFO :: started task SCIDOCS(name='SCIDOCS', languages=['eng'])
2025-01-15 14:50:05,098 :: INFO :: ended task SCIDOCS(name='SCIDOCS', languages=['eng'])
2025-01-15 14:50:05,098 :: INFO :: started task SciDocsReranking(name='SciDocsRR', languages=['eng'])
2025-01-15 14:50:05,464 :: INFO :: ended task SciDocsReranking(name='SciDocsRR', languages=['eng'])
2025-01-15 14:50:05,464 :: INFO :: started task StackExchangeClusteringP2P(name='StackExchangeClusteringP2P', languages=['eng'])
2025-01-15 14:50:05,823 :: INFO :: ended task StackExchangeClusteringP2P(name='StackExchangeClusteringP2P', languages=['eng'])
2025-01-15 14:50:05,823 :: INFO :: started task STS15STS(name='STS15', languages=['eng'])
2025-01-15 14:50:06,200 :: INFO :: ended task STS15STS(name='STS15', languages=['eng'])
2025-01-15 14:50:06,200 :: INFO :: started task STS16STS(name='STS16', languages=['eng'])
2025-01-15 14:50:06,560 :: INFO :: ended task STS16STS(name='STS16', languages=['eng'])
2025-01-15 14:50:06,560 :: INFO :: started task STSBenchmarkSTS(name='STSBenchmark', languages=['eng'])
2025-01-15 14:50:06,926 :: INFO :: ended task STSBenchmarkSTS(name='STSBenchmark', languages=['eng'])
2025-01-15 14:50:06,926 :: INFO :: started task ArguAna(name='ArguAna', languages=['eng'])
2025-01-15 14:50:07,309 :: INFO :: ended task ArguAna(name='ArguAna', languages=['eng'])
2025-01-15 14:50:07,309 :: INFO :: started task ArxivClusteringP2P(name='ArxivClusteringP2P', languages=['eng'])
2025-01-15 14:50:07,670 :: INFO :: ended task ArxivClusteringP2P(name='ArxivClusteringP2P', languages=['eng'])
2025-01-15 14:50:07,670 :: INFO :: started task BiorxivClusteringP2P(name='BiorxivClusteringP2P', languages=['eng'])
2025-01-15 14:50:08,030 :: INFO :: ended task BiorxivClusteringP2P(name='BiorxivClusteringP2P', languages=['eng'])
2025-01-15 14:50:08,030 :: INFO :: started task MedrxivClusteringP2P(name='MedrxivClusteringP2P', languages=['eng'])
2025-01-15 14:50:08,393 :: INFO :: ended task MedrxivClusteringP2P(name='MedrxivClusteringP2P', languages=['eng'])
2025-01-15 14:50:08,393 :: INFO :: started task MindSmallReranking(name='MindSmallReranking', languages=['eng'])
2025-01-15 14:50:08,753 :: INFO :: ended task MindSmallReranking(name='MindSmallReranking', languages=['eng'])
2025-01-15 14:50:08,754 :: INFO :: started task RedditClusteringP2P(name='RedditClusteringP2P', languages=['eng'])
2025-01-15 14:50:09,112 :: INFO :: ended task RedditClusteringP2P(name='RedditClusteringP2P', languages=['eng'])
2025-01-15 14:50:09,113 :: INFO :: started task SCIDOCS(name='SCIDOCS', languages=['eng'])
2025-01-15 14:50:09,472 :: INFO :: ended task SCIDOCS(name='SCIDOCS', languages=['eng'])
2025-01-15 14:50:09,472 :: INFO :: started task SciDocsReranking(name='SciDocsRR', languages=['eng'])
2025-01-15 14:50:09,831 :: INFO :: ended task SciDocsReranking(name='SciDocsRR', languages=['eng'])
2025-01-15 14:50:09,831 :: INFO :: started task StackExchangeClusteringP2P(name='StackExchangeClusteringP2P', languages=['eng'])
2025-01-15 14:50:10,191 :: INFO :: ended task StackExchangeClusteringP2P(name='StackExchangeClusteringP2P', languages=['eng'])
2025-01-15 14:50:10,191 :: INFO :: started task STS15STS(name='STS15', languages=['eng'])
2025-01-15 14:50:10,574 :: INFO :: ended task STS15STS(name='STS15', languages=['eng'])
2025-01-15 14:50:10,574 :: INFO :: started task STS16STS(name='STS16', languages=['eng'])
2025-01-15 14:50:10,964 :: INFO :: ended task STS16STS(name='STS16', languages=['eng'])
2025-01-15 14:50:10,964 :: INFO :: started task STSBenchmarkSTS(name='STSBenchmark', languages=['eng'])
2025-01-15 14:50:11,345 :: INFO :: ended task STSBenchmarkSTS(name='STSBenchmark', languages=['eng'])
2025-01-15 14:50:11,345 :: INFO :: started task ArguAna(name='ArguAna', languages=['eng'])
2025-01-15 14:50:11,703 :: INFO :: ended task ArguAna(name='ArguAna', languages=['eng'])
2025-01-15 14:50:11,703 :: INFO :: started task ArxivClusteringP2P(name='ArxivClusteringP2P', languages=['eng'])
2025-01-15 14:50:12,061 :: INFO :: ended task ArxivClusteringP2P(name='ArxivClusteringP2P', languages=['eng'])
2025-01-15 14:50:12,061 :: INFO :: started task BiorxivClusteringP2P(name='BiorxivClusteringP2P', languages=['eng'])
2025-01-15 14:50:12,419 :: INFO :: ended task BiorxivClusteringP2P(name='BiorxivClusteringP2P', languages=['eng'])
2025-01-15 14:50:12,419 :: INFO :: started task MedrxivClusteringP2P(name='MedrxivClusteringP2P', languages=['eng'])
2025-01-15 14:50:12,777 :: INFO :: ended task MedrxivClusteringP2P(name='MedrxivClusteringP2P', languages=['eng'])
2025-01-15 14:50:12,777 :: INFO :: started task MindSmallReranking(name='MindSmallReranking', languages=['eng'])
2025-01-15 14:50:13,134 :: INFO :: ended task MindSmallReranking(name='MindSmallReranking', languages=['eng'])
2025-01-15 14:50:13,134 :: INFO :: started task RedditClusteringP2P(name='RedditClusteringP2P', languages=['eng'])
2025-01-15 14:50:13,491 :: INFO :: ended task RedditClusteringP2P(name='RedditClusteringP2P', languages=['eng'])
2025-01-15 14:50:13,491 :: INFO :: started task SCIDOCS(name='SCIDOCS', languages=['eng'])
2025-01-15 14:50:13,848 :: INFO :: ended task SCIDOCS(name='SCIDOCS', languages=['eng'])
2025-01-15 14:50:13,848 :: INFO :: started task SciDocsReranking(name='SciDocsRR', languages=['eng'])
2025-01-15 14:50:14,205 :: INFO :: ended task SciDocsReranking(name='SciDocsRR', languages=['eng'])
2025-01-15 14:50:14,205 :: INFO :: started task StackExchangeClusteringP2P(name='StackExchangeClusteringP2P', languages=['eng'])
2025-01-15 14:50:14,561 :: INFO :: ended task StackExchangeClusteringP2P(name='StackExchangeClusteringP2P', languages=['eng'])
2025-01-15 14:50:14,561 :: INFO :: started task STS15STS(name='STS15', languages=['eng'])
2025-01-15 14:50:14,918 :: INFO :: ended task STS15STS(name='STS15', languages=['eng'])
2025-01-15 14:50:14,918 :: INFO :: started task STS16STS(name='STS16', languages=['eng'])
2025-01-15 14:50:15,275 :: INFO :: ended task STS16STS(name='STS16', languages=['eng'])
2025-01-15 14:50:15,275 :: INFO :: started task STSBenchmarkSTS(name='STSBenchmark', languages=['eng'])
2025-01-15 14:50:15,632 :: INFO :: ended task STSBenchmarkSTS(name='STSBenchmark', languages=['eng'])
2025-01-15 14:50:15,632 :: INFO :: started task ArguAna(name='ArguAna', languages=['eng'])
2025-01-15 14:50:33,087 :: INFO :: ended task ArguAna(name='ArguAna', languages=['eng'])
2025-01-15 14:50:33,087 :: INFO :: started task ArxivClusteringP2P(name='ArxivClusteringP2P', languages=['eng'])
2025-01-15 15:07:46,027 :: INFO :: ended task ArxivClusteringP2P(name='ArxivClusteringP2P', languages=['eng'])
2025-01-15 15:07:46,027 :: INFO :: started task BiorxivClusteringP2P(name='BiorxivClusteringP2P', languages=['eng'])
2025-01-15 15:10:05,141 :: INFO :: ended task BiorxivClusteringP2P(name='BiorxivClusteringP2P', languages=['eng'])
2025-01-15 15:10:05,142 :: INFO :: started task MedrxivClusteringP2P(name='MedrxivClusteringP2P', languages=['eng'])
2025-01-15 15:11:18,358 :: INFO :: ended task MedrxivClusteringP2P(name='MedrxivClusteringP2P', languages=['eng'])
2025-01-15 15:11:18,358 :: INFO :: started task MindSmallReranking(name='MindSmallReranking', languages=['eng'])
2025-01-15 15:17:37,290 :: INFO :: ended task MindSmallReranking(name='MindSmallReranking', languages=['eng'])
2025-01-15 15:17:37,290 :: INFO :: started task RedditClusteringP2P(name='RedditClusteringP2P', languages=['eng'])
2025-01-15 15:25:22,686 :: INFO :: ended task RedditClusteringP2P(name='RedditClusteringP2P', languages=['eng'])
2025-01-15 15:25:22,686 :: INFO :: started task SCIDOCS(name='SCIDOCS', languages=['eng'])
2025-01-15 15:26:05,272 :: INFO :: ended task SCIDOCS(name='SCIDOCS', languages=['eng'])
2025-01-15 15:26:05,272 :: INFO :: started task SciDocsReranking(name='SciDocsRR', languages=['eng'])
2025-01-15 15:26:56,069 :: INFO :: ended task SciDocsReranking(name='SciDocsRR', languages=['eng'])
2025-01-15 15:26:56,069 :: INFO :: started task StackExchangeClusteringP2P(name='StackExchangeClusteringP2P', languages=['eng'])
2025-01-15 15:29:24,734 :: INFO :: ended task StackExchangeClusteringP2P(name='StackExchangeClusteringP2P', languages=['eng'])
2025-01-15 15:29:24,734 :: INFO :: started task STS15STS(name='STS15', languages=['eng'])
2025-01-15 15:29:29,196 :: INFO :: ended task STS15STS(name='STS15', languages=['eng'])
2025-01-15 15:29:29,196 :: INFO :: started task STS16STS(name='STS16', languages=['eng'])
2025-01-15 15:29:30,446 :: INFO :: ended task STS16STS(name='STS16', languages=['eng'])
2025-01-15 15:29:30,446 :: INFO :: started task STSBenchmarkSTS(name='STSBenchmark', languages=['eng'])
2025-01-15 15:29:31,647 :: INFO :: ended task STSBenchmarkSTS(name='STSBenchmark', languages=['eng'])
2025-01-15 15:29:31,648 :: INFO :: started task ArguAna(name='ArguAna', languages=['eng'])
2025-01-15 15:29:41,637 :: INFO :: ended task ArguAna(name='ArguAna', languages=['eng'])
2025-01-15 15:29:41,637 :: INFO :: started task ArxivClusteringP2P(name='ArxivClusteringP2P', languages=['eng'])
2025-01-15 15:35:19,944 :: INFO :: ended task ArxivClusteringP2P(name='ArxivClusteringP2P', languages=['eng'])
2025-01-15 15:35:19,944 :: INFO :: started task BiorxivClusteringP2P(name='BiorxivClusteringP2P', languages=['eng'])
2025-01-15 15:36:16,869 :: INFO :: ended task BiorxivClusteringP2P(name='BiorxivClusteringP2P', languages=['eng'])
2025-01-15 15:36:16,869 :: INFO :: started task MedrxivClusteringP2P(name='MedrxivClusteringP2P', languages=['eng'])
2025-01-15 15:36:52,687 :: INFO :: ended task MedrxivClusteringP2P(name='MedrxivClusteringP2P', languages=['eng'])
2025-01-15 15:36:52,687 :: INFO :: started task MindSmallReranking(name='MindSmallReranking', languages=['eng'])
2025-01-15 15:41:25,294 :: INFO :: ended task MindSmallReranking(name='MindSmallReranking', languages=['eng'])
2025-01-15 15:41:25,294 :: INFO :: started task RedditClusteringP2P(name='RedditClusteringP2P', languages=['eng'])
2025-01-15 15:44:34,159 :: INFO :: ended task RedditClusteringP2P(name='RedditClusteringP2P', languages=['eng'])
2025-01-15 15:44:34,159 :: INFO :: started task SCIDOCS(name='SCIDOCS', languages=['eng'])
2025-01-15 15:44:53,505 :: INFO :: ended task SCIDOCS(name='SCIDOCS', languages=['eng'])
2025-01-15 15:44:53,505 :: INFO :: started task SciDocsReranking(name='SciDocsRR', languages=['eng'])
2025-01-15 15:45:03,310 :: INFO :: ended task SciDocsReranking(name='SciDocsRR', languages=['eng'])
2025-01-15 15:45:03,311 :: INFO :: started task StackExchangeClusteringP2P(name='StackExchangeClusteringP2P', languages=['eng'])
2025-01-15 15:46:27,348 :: INFO :: ended task StackExchangeClusteringP2P(name='StackExchangeClusteringP2P', languages=['eng'])
2025-01-15 15:46:27,348 :: INFO :: started task STS15STS(name='STS15', languages=['eng'])
2025-01-15 15:46:28,428 :: INFO :: ended task STS15STS(name='STS15', languages=['eng'])
2025-01-15 15:46:28,428 :: INFO :: started task STS16STS(name='STS16', languages=['eng'])
2025-01-15 15:46:29,392 :: INFO :: ended task STS16STS(name='STS16', languages=['eng'])
2025-01-15 15:46:29,392 :: INFO :: started task STSBenchmarkSTS(name='STSBenchmark', languages=['eng'])
2025-01-15 15:46:30,204 :: INFO :: ended task STSBenchmarkSTS(name='STSBenchmark', languages=['eng'])
2025-01-15 15:46:30,205 :: INFO :: started task ArguAna(name='ArguAna', languages=['eng'])
2025-01-15 15:46:40,718 :: INFO :: ended task ArguAna(name='ArguAna', languages=['eng'])
2025-01-15 15:46:40,718 :: INFO :: started task ArxivClusteringP2P(name='ArxivClusteringP2P', languages=['eng'])
2025-01-15 15:52:08,793 :: INFO :: ended task ArxivClusteringP2P(name='ArxivClusteringP2P', languages=['eng'])
2025-01-15 15:52:08,793 :: INFO :: started task BiorxivClusteringP2P(name='BiorxivClusteringP2P', languages=['eng'])
2025-01-15 15:53:03,151 :: INFO :: ended task BiorxivClusteringP2P(name='BiorxivClusteringP2P', languages=['eng'])
2025-01-15 15:53:03,151 :: INFO :: started task MedrxivClusteringP2P(name='MedrxivClusteringP2P', languages=['eng'])
2025-01-15 15:53:37,289 :: INFO :: ended task MedrxivClusteringP2P(name='MedrxivClusteringP2P', languages=['eng'])
2025-01-15 15:53:37,289 :: INFO :: started task MindSmallReranking(name='MindSmallReranking', languages=['eng'])
2025-01-15 15:57:03,993 :: INFO :: ended task MindSmallReranking(name='MindSmallReranking', languages=['eng'])
2025-01-15 15:57:03,993 :: INFO :: started task RedditClusteringP2P(name='RedditClusteringP2P', languages=['eng'])
2025-01-15 16:00:06,872 :: INFO :: ended task RedditClusteringP2P(name='RedditClusteringP2P', languages=['eng'])
2025-01-15 16:00:06,873 :: INFO :: started task SCIDOCS(name='SCIDOCS', languages=['eng'])
2025-01-15 16:00:24,104 :: INFO :: ended task SCIDOCS(name='SCIDOCS', languages=['eng'])
2025-01-15 16:00:24,104 :: INFO :: started task SciDocsReranking(name='SciDocsRR', languages=['eng'])
2025-01-15 16:00:32,817 :: INFO :: ended task SciDocsReranking(name='SciDocsRR', languages=['eng'])
2025-01-15 16:00:32,818 :: INFO :: started task StackExchangeClusteringP2P(name='StackExchangeClusteringP2P', languages=['eng'])
2025-01-15 16:01:54,575 :: INFO :: ended task StackExchangeClusteringP2P(name='StackExchangeClusteringP2P', languages=['eng'])
2025-01-15 16:01:54,576 :: INFO :: started task STS15STS(name='STS15', languages=['eng'])
2025-01-15 16:01:55,287 :: INFO :: ended task STS15STS(name='STS15', languages=['eng'])
2025-01-15 16:01:55,287 :: INFO :: started task STS16STS(name='STS16', languages=['eng'])
2025-01-15 16:01:55,781 :: INFO :: ended task STS16STS(name='STS16', languages=['eng'])
2025-01-15 16:01:55,781 :: INFO :: started task STSBenchmarkSTS(name='STSBenchmark', languages=['eng'])
2025-01-15 16:01:56,279 :: INFO :: ended task STSBenchmarkSTS(name='STSBenchmark', languages=['eng'])
2025-01-15 16:01:56,279 :: INFO :: started task ArguAna(name='ArguAna', languages=['eng'])
2025-01-15 16:02:05,385 :: INFO :: ended task ArguAna(name='ArguAna', languages=['eng'])
2025-01-15 16:02:05,385 :: INFO :: started task ArxivClusteringP2P(name='ArxivClusteringP2P', languages=['eng'])
2025-01-15 16:07:24,187 :: INFO :: ended task ArxivClusteringP2P(name='ArxivClusteringP2P', languages=['eng'])
2025-01-15 16:07:24,187 :: INFO :: started task BiorxivClusteringP2P(name='BiorxivClusteringP2P', languages=['eng'])
2025-01-15 16:08:18,530 :: INFO :: ended task BiorxivClusteringP2P(name='BiorxivClusteringP2P', languages=['eng'])
2025-01-15 16:08:18,530 :: INFO :: started task MedrxivClusteringP2P(name='MedrxivClusteringP2P', languages=['eng'])
2025-01-15 16:08:51,232 :: INFO :: ended task MedrxivClusteringP2P(name='MedrxivClusteringP2P', languages=['eng'])
2025-01-15 16:08:51,233 :: INFO :: started task MindSmallReranking(name='MindSmallReranking', languages=['eng'])
2025-01-15 16:12:07,216 :: INFO :: ended task MindSmallReranking(name='MindSmallReranking', languages=['eng'])
2025-01-15 16:12:07,216 :: INFO :: started task RedditClusteringP2P(name='RedditClusteringP2P', languages=['eng'])
2025-01-15 16:15:04,848 :: INFO :: ended task RedditClusteringP2P(name='RedditClusteringP2P', languages=['eng'])
2025-01-15 16:15:04,848 :: INFO :: started task SCIDOCS(name='SCIDOCS', languages=['eng'])
2025-01-15 16:15:21,706 :: INFO :: ended task SCIDOCS(name='SCIDOCS', languages=['eng'])
2025-01-15 16:15:21,706 :: INFO :: started task SciDocsReranking(name='SciDocsRR', languages=['eng'])
2025-01-15 16:15:30,934 :: INFO :: ended task SciDocsReranking(name='SciDocsRR', languages=['eng'])
2025-01-15 16:15:30,934 :: INFO :: started task StackExchangeClusteringP2P(name='StackExchangeClusteringP2P', languages=['eng'])
2025-01-15 16:16:52,242 :: INFO :: ended task StackExchangeClusteringP2P(name='StackExchangeClusteringP2P', languages=['eng'])
2025-01-15 16:16:52,242 :: INFO :: started task STS15STS(name='STS15', languages=['eng'])
2025-01-15 16:16:52,945 :: INFO :: ended task STS15STS(name='STS15', languages=['eng'])
2025-01-15 16:16:52,945 :: INFO :: started task STS16STS(name='STS16', languages=['eng'])
2025-01-15 16:16:53,442 :: INFO :: ended task STS16STS(name='STS16', languages=['eng'])
2025-01-15 16:16:53,442 :: INFO :: started task STSBenchmarkSTS(name='STSBenchmark', languages=['eng'])
2025-01-15 16:16:54,008 :: INFO :: ended task STSBenchmarkSTS(name='STSBenchmark', languages=['eng'])
2025-01-15 16:16:54,008 :: INFO :: started task ArguAna(name='ArguAna', languages=['eng'])
2025-01-15 16:17:06,147 :: INFO :: ended task ArguAna(name='ArguAna', languages=['eng'])
2025-01-15 16:17:06,147 :: INFO :: started task ArxivClusteringP2P(name='ArxivClusteringP2P', languages=['eng'])
2025-01-15 16:30:26,720 :: INFO :: ended task ArxivClusteringP2P(name='ArxivClusteringP2P', languages=['eng'])
2025-01-15 16:30:26,720 :: INFO :: started task BiorxivClusteringP2P(name='BiorxivClusteringP2P', languages=['eng'])
2025-01-15 16:32:04,629 :: INFO :: ended task BiorxivClusteringP2P(name='BiorxivClusteringP2P', languages=['eng'])
2025-01-15 16:32:04,629 :: INFO :: started task MedrxivClusteringP2P(name='MedrxivClusteringP2P', languages=['eng'])
2025-01-15 16:32:55,756 :: INFO :: ended task MedrxivClusteringP2P(name='MedrxivClusteringP2P', languages=['eng'])
2025-01-15 16:32:55,756 :: INFO :: started task MindSmallReranking(name='MindSmallReranking', languages=['eng'])
2025-01-15 16:36:50,540 :: INFO :: ended task MindSmallReranking(name='MindSmallReranking', languages=['eng'])
2025-01-15 16:36:50,540 :: INFO :: started task RedditClusteringP2P(name='RedditClusteringP2P', languages=['eng'])
2025-01-15 16:41:47,009 :: INFO :: ended task RedditClusteringP2P(name='RedditClusteringP2P', languages=['eng'])
2025-01-15 16:41:47,010 :: INFO :: started task SCIDOCS(name='SCIDOCS', languages=['eng'])
2025-01-15 16:42:11,992 :: INFO :: ended task SCIDOCS(name='SCIDOCS', languages=['eng'])
2025-01-15 16:42:11,992 :: INFO :: started task SciDocsReranking(name='SciDocsRR', languages=['eng'])
2025-01-15 16:42:46,232 :: INFO :: ended task SciDocsReranking(name='SciDocsRR', languages=['eng'])
2025-01-15 16:42:46,232 :: INFO :: started task StackExchangeClusteringP2P(name='StackExchangeClusteringP2P', languages=['eng'])
2025-01-15 16:43:58,942 :: INFO :: ended task StackExchangeClusteringP2P(name='StackExchangeClusteringP2P', languages=['eng'])
2025-01-15 16:43:58,942 :: INFO :: started task STS15STS(name='STS15', languages=['eng'])
2025-01-15 16:44:01,048 :: INFO :: ended task STS15STS(name='STS15', languages=['eng'])
2025-01-15 16:44:01,048 :: INFO :: started task STS16STS(name='STS16', languages=['eng'])
2025-01-15 16:44:02,592 :: INFO :: ended task STS16STS(name='STS16', languages=['eng'])
2025-01-15 16:44:02,592 :: INFO :: started task STSBenchmarkSTS(name='STSBenchmark', languages=['eng'])
2025-01-15 16:44:03,496 :: INFO :: ended task STSBenchmarkSTS(name='STSBenchmark', languages=['eng'])
2025-01-15 16:44:03,496 :: INFO :: started task ArguAna(name='ArguAna', languages=['eng'])
2025-01-15 16:44:11,993 :: INFO :: ended task ArguAna(name='ArguAna', languages=['eng'])
2025-01-15 16:44:11,993 :: INFO :: started task ArxivClusteringP2P(name='ArxivClusteringP2P', languages=['eng'])
2025-01-15 16:48:45,880 :: INFO :: ended task ArxivClusteringP2P(name='ArxivClusteringP2P', languages=['eng'])
2025-01-15 16:48:45,880 :: INFO :: started task BiorxivClusteringP2P(name='BiorxivClusteringP2P', languages=['eng'])
2025-01-15 16:49:31,586 :: INFO :: ended task BiorxivClusteringP2P(name='BiorxivClusteringP2P', languages=['eng'])
2025-01-15 16:49:31,587 :: INFO :: started task MedrxivClusteringP2P(name='MedrxivClusteringP2P', languages=['eng'])
2025-01-15 16:50:00,043 :: INFO :: ended task MedrxivClusteringP2P(name='MedrxivClusteringP2P', languages=['eng'])
2025-01-15 16:50:00,044 :: INFO :: started task MindSmallReranking(name='MindSmallReranking', languages=['eng'])
2025-01-15 16:53:05,140 :: INFO :: ended task MindSmallReranking(name='MindSmallReranking', languages=['eng'])
2025-01-15 16:53:05,140 :: INFO :: started task RedditClusteringP2P(name='RedditClusteringP2P', languages=['eng'])
2025-01-15 16:55:38,743 :: INFO :: ended task RedditClusteringP2P(name='RedditClusteringP2P', languages=['eng'])
2025-01-15 16:55:38,744 :: INFO :: started task SCIDOCS(name='SCIDOCS', languages=['eng'])
2025-01-15 16:55:52,773 :: INFO :: ended task SCIDOCS(name='SCIDOCS', languages=['eng'])
2025-01-15 16:55:52,773 :: INFO :: started task SciDocsReranking(name='SciDocsRR', languages=['eng'])
2025-01-15 17:13:59,086 :: INFO :: logger set up successfully
2025-01-15 17:13:59,089 :: INFO :: started task ArguAna(name='ArguAna', languages=['eng'])
2025-01-15 17:13:59,661 :: INFO :: ended task ArguAna(name='ArguAna', languages=['eng'])
2025-01-15 17:13:59,661 :: INFO :: started task ArxivClusteringP2P(name='ArxivClusteringP2P', languages=['eng'])
2025-01-15 17:14:00,212 :: INFO :: ended task ArxivClusteringP2P(name='ArxivClusteringP2P', languages=['eng'])
2025-01-15 17:14:00,213 :: INFO :: started task BiorxivClusteringP2P(name='BiorxivClusteringP2P', languages=['eng'])
2025-01-15 17:14:00,767 :: INFO :: ended task BiorxivClusteringP2P(name='BiorxivClusteringP2P', languages=['eng'])
2025-01-15 17:14:00,767 :: INFO :: started task MedrxivClusteringP2P(name='MedrxivClusteringP2P', languages=['eng'])
2025-01-15 17:14:01,317 :: INFO :: ended task MedrxivClusteringP2P(name='MedrxivClusteringP2P', languages=['eng'])
2025-01-15 17:14:01,317 :: INFO :: started task MindSmallReranking(name='MindSmallReranking', languages=['eng'])
2025-01-15 17:14:01,865 :: INFO :: ended task MindSmallReranking(name='MindSmallReranking', languages=['eng'])
2025-01-15 17:14:01,865 :: INFO :: started task RedditClusteringP2P(name='RedditClusteringP2P', languages=['eng'])
2025-01-15 17:14:02,508 :: INFO :: ended task RedditClusteringP2P(name='RedditClusteringP2P', languages=['eng'])
2025-01-15 17:14:02,509 :: INFO :: started task SCIDOCS(name='SCIDOCS', languages=['eng'])
2025-01-15 17:14:03,046 :: INFO :: ended task SCIDOCS(name='SCIDOCS', languages=['eng'])
2025-01-15 17:14:03,046 :: INFO :: started task SciDocsReranking(name='SciDocsRR', languages=['eng'])
2025-01-15 17:14:03,593 :: INFO :: ended task SciDocsReranking(name='SciDocsRR', languages=['eng'])
2025-01-15 17:14:03,593 :: INFO :: started task StackExchangeClusteringP2P(name='StackExchangeClusteringP2P', languages=['eng'])
2025-01-15 17:14:04,206 :: INFO :: ended task StackExchangeClusteringP2P(name='StackExchangeClusteringP2P', languages=['eng'])
2025-01-15 17:14:04,206 :: INFO :: started task STS15STS(name='STS15', languages=['eng'])
2025-01-15 17:14:04,666 :: INFO :: ended task STS15STS(name='STS15', languages=['eng'])
2025-01-15 17:14:04,666 :: INFO :: started task STS16STS(name='STS16', languages=['eng'])
2025-01-15 17:14:05,097 :: INFO :: ended task STS16STS(name='STS16', languages=['eng'])
2025-01-15 17:14:05,097 :: INFO :: started task STSBenchmarkSTS(name='STSBenchmark', languages=['eng'])
2025-01-15 17:14:05,561 :: INFO :: ended task STSBenchmarkSTS(name='STSBenchmark', languages=['eng'])
2025-01-15 17:14:05,561 :: INFO :: started task ArguAna(name='ArguAna', languages=['eng'])
2025-01-15 17:14:05,963 :: INFO :: ended task ArguAna(name='ArguAna', languages=['eng'])
2025-01-15 17:14:05,963 :: INFO :: started task ArxivClusteringP2P(name='ArxivClusteringP2P', languages=['eng'])
2025-01-15 17:14:06,365 :: INFO :: ended task ArxivClusteringP2P(name='ArxivClusteringP2P', languages=['eng'])
2025-01-15 17:14:06,365 :: INFO :: started task BiorxivClusteringP2P(name='BiorxivClusteringP2P', languages=['eng'])
2025-01-15 17:14:06,769 :: INFO :: ended task BiorxivClusteringP2P(name='BiorxivClusteringP2P', languages=['eng'])
2025-01-15 17:14:06,769 :: INFO :: started task MedrxivClusteringP2P(name='MedrxivClusteringP2P', languages=['eng'])
2025-01-15 17:14:07,231 :: INFO :: ended task MedrxivClusteringP2P(name='MedrxivClusteringP2P', languages=['eng'])
2025-01-15 17:14:07,231 :: INFO :: started task MindSmallReranking(name='MindSmallReranking', languages=['eng'])
2025-01-15 17:14:07,797 :: INFO :: ended task MindSmallReranking(name='MindSmallReranking', languages=['eng'])
2025-01-15 17:14:07,797 :: INFO :: started task RedditClusteringP2P(name='RedditClusteringP2P', languages=['eng'])
2025-01-15 17:14:08,343 :: INFO :: ended task RedditClusteringP2P(name='RedditClusteringP2P', languages=['eng'])
2025-01-15 17:14:08,343 :: INFO :: started task SCIDOCS(name='SCIDOCS', languages=['eng'])
2025-01-15 17:14:08,862 :: INFO :: ended task SCIDOCS(name='SCIDOCS', languages=['eng'])
2025-01-15 17:14:08,862 :: INFO :: started task SciDocsReranking(name='SciDocsRR', languages=['eng'])
2025-01-15 17:14:09,379 :: INFO :: ended task SciDocsReranking(name='SciDocsRR', languages=['eng'])
2025-01-15 17:14:09,379 :: INFO :: started task StackExchangeClusteringP2P(name='StackExchangeClusteringP2P', languages=['eng'])
2025-01-15 17:14:56,377 :: INFO :: ended task StackExchangeClusteringP2P(name='StackExchangeClusteringP2P', languages=['eng'])
2025-01-15 17:14:56,378 :: INFO :: started task STS15STS(name='STS15', languages=['eng'])
2025-01-15 17:15:02,111 :: INFO :: ended task STS15STS(name='STS15', languages=['eng'])
2025-01-15 17:15:02,112 :: INFO :: started task STS16STS(name='STS16', languages=['eng'])
2025-01-15 17:15:08,547 :: INFO :: ended task STS16STS(name='STS16', languages=['eng'])
2025-01-15 17:15:08,547 :: INFO :: started task STSBenchmarkSTS(name='STSBenchmark', languages=['eng'])
2025-01-15 17:15:14,746 :: INFO :: ended task STSBenchmarkSTS(name='STSBenchmark', languages=['eng'])
2025-01-15 17:15:14,746 :: INFO :: started task ArguAna(name='ArguAna', languages=['eng'])
2025-01-15 17:15:28,833 :: INFO :: ended task ArguAna(name='ArguAna', languages=['eng'])
2025-01-15 17:15:28,833 :: INFO :: started task ArxivClusteringP2P(name='ArxivClusteringP2P', languages=['eng'])
2025-01-15 17:20:09,322 :: INFO :: ended task ArxivClusteringP2P(name='ArxivClusteringP2P', languages=['eng'])
2025-01-15 17:20:09,322 :: INFO :: started task BiorxivClusteringP2P(name='BiorxivClusteringP2P', languages=['eng'])
2025-01-15 17:20:59,618 :: INFO :: ended task BiorxivClusteringP2P(name='BiorxivClusteringP2P', languages=['eng'])
2025-01-15 17:20:59,619 :: INFO :: started task MedrxivClusteringP2P(name='MedrxivClusteringP2P', languages=['eng'])
2025-01-15 17:21:33,835 :: INFO :: ended task MedrxivClusteringP2P(name='MedrxivClusteringP2P', languages=['eng'])
2025-01-15 17:21:33,835 :: INFO :: started task MindSmallReranking(name='MindSmallReranking', languages=['eng'])
2025-01-15 17:24:39,248 :: INFO :: ended task MindSmallReranking(name='MindSmallReranking', languages=['eng'])
2025-01-15 17:24:39,249 :: INFO :: started task RedditClusteringP2P(name='RedditClusteringP2P', languages=['eng'])
2025-01-15 17:27:18,473 :: INFO :: ended task RedditClusteringP2P(name='RedditClusteringP2P', languages=['eng'])
2025-01-15 17:27:18,474 :: INFO :: started task SCIDOCS(name='SCIDOCS', languages=['eng'])
2025-01-15 17:27:40,901 :: INFO :: ended task SCIDOCS(name='SCIDOCS', languages=['eng'])
2025-01-15 17:27:40,901 :: INFO :: started task SciDocsReranking(name='SciDocsRR', languages=['eng'])
2025-01-15 17:27:41,333 :: INFO :: ended task SciDocsReranking(name='SciDocsRR', languages=['eng'])
2025-01-15 17:27:41,333 :: INFO :: started task StackExchangeClusteringP2P(name='StackExchangeClusteringP2P', languages=['eng'])
2025-01-15 17:28:23,126 :: INFO :: ended task StackExchangeClusteringP2P(name='StackExchangeClusteringP2P', languages=['eng'])
2025-01-15 17:28:23,126 :: INFO :: started task STS15STS(name='STS15', languages=['eng'])
2025-01-15 17:28:23,833 :: INFO :: ended task STS15STS(name='STS15', languages=['eng'])
2025-01-15 17:28:23,833 :: INFO :: started task STS16STS(name='STS16', languages=['eng'])
2025-01-15 17:28:24,312 :: INFO :: ended task STS16STS(name='STS16', languages=['eng'])
2025-01-15 17:28:24,312 :: INFO :: started task STSBenchmarkSTS(name='STSBenchmark', languages=['eng'])
2025-01-15 17:28:24,799 :: INFO :: ended task STSBenchmarkSTS(name='STSBenchmark', languages=['eng'])
2025-01-15 17:28:24,799 :: INFO :: started task ArguAna(name='ArguAna', languages=['eng'])
2025-01-15 17:28:32,223 :: INFO :: ended task ArguAna(name='ArguAna', languages=['eng'])
2025-01-15 17:28:32,224 :: INFO :: started task ArxivClusteringP2P(name='ArxivClusteringP2P', languages=['eng'])
2025-01-15 17:32:59,630 :: INFO :: ended task ArxivClusteringP2P(name='ArxivClusteringP2P', languages=['eng'])
2025-01-15 17:32:59,630 :: INFO :: started task BiorxivClusteringP2P(name='BiorxivClusteringP2P', languages=['eng'])
2025-01-15 17:33:44,559 :: INFO :: ended task BiorxivClusteringP2P(name='BiorxivClusteringP2P', languages=['eng'])
2025-01-15 17:33:44,559 :: INFO :: started task MedrxivClusteringP2P(name='MedrxivClusteringP2P', languages=['eng'])
2025-01-15 17:34:13,152 :: INFO :: ended task MedrxivClusteringP2P(name='MedrxivClusteringP2P', languages=['eng'])
2025-01-15 17:34:13,152 :: INFO :: started task MindSmallReranking(name='MindSmallReranking', languages=['eng'])
2025-01-16 11:17:57,890 :: INFO :: logger set up successfully
2025-01-16 11:17:57,893 :: INFO :: started task ArguAna(name='ArguAna', languages=['eng'])
2025-01-16 11:17:58,272 :: INFO :: ended task ArguAna(name='ArguAna', languages=['eng'])
2025-01-16 11:17:58,272 :: INFO :: started task ArxivClusteringP2P(name='ArxivClusteringP2P', languages=['eng'])
2025-01-16 11:17:58,641 :: INFO :: ended task ArxivClusteringP2P(name='ArxivClusteringP2P', languages=['eng'])
2025-01-16 11:17:58,641 :: INFO :: started task BiorxivClusteringP2P(name='BiorxivClusteringP2P', languages=['eng'])
2025-01-16 11:17:59,009 :: INFO :: ended task BiorxivClusteringP2P(name='BiorxivClusteringP2P', languages=['eng'])
2025-01-16 11:17:59,009 :: INFO :: started task MedrxivClusteringP2P(name='MedrxivClusteringP2P', languages=['eng'])
2025-01-16 11:17:59,376 :: INFO :: ended task MedrxivClusteringP2P(name='MedrxivClusteringP2P', languages=['eng'])
2025-01-16 11:17:59,376 :: INFO :: started task MindSmallReranking(name='MindSmallReranking', languages=['eng'])
2025-01-16 11:17:59,747 :: INFO :: ended task MindSmallReranking(name='MindSmallReranking', languages=['eng'])
2025-01-16 11:17:59,747 :: INFO :: started task RedditClusteringP2P(name='RedditClusteringP2P', languages=['eng'])
2025-01-16 11:18:00,118 :: INFO :: ended task RedditClusteringP2P(name='RedditClusteringP2P', languages=['eng'])
2025-01-16 11:18:00,118 :: INFO :: started task SCIDOCS(name='SCIDOCS', languages=['eng'])
2025-01-16 11:18:00,476 :: INFO :: ended task SCIDOCS(name='SCIDOCS', languages=['eng'])
2025-01-16 11:18:00,476 :: INFO :: started task SciDocsReranking(name='SciDocsRR', languages=['eng'])
2025-01-16 11:18:00,833 :: INFO :: ended task SciDocsReranking(name='SciDocsRR', languages=['eng'])
2025-01-16 11:18:00,833 :: INFO :: started task StackExchangeClusteringP2P(name='StackExchangeClusteringP2P', languages=['eng'])
2025-01-16 11:18:01,199 :: INFO :: ended task StackExchangeClusteringP2P(name='StackExchangeClusteringP2P', languages=['eng'])
2025-01-16 11:18:01,199 :: INFO :: started task STS15STS(name='STS15', languages=['eng'])
2025-01-16 11:18:01,562 :: INFO :: ended task STS15STS(name='STS15', languages=['eng'])
2025-01-16 11:18:01,562 :: INFO :: started task STS16STS(name='STS16', languages=['eng'])
2025-01-16 11:18:01,942 :: INFO :: ended task STS16STS(name='STS16', languages=['eng'])
2025-01-16 11:18:01,942 :: INFO :: started task STSBenchmarkSTS(name='STSBenchmark', languages=['eng'])
2025-01-16 11:18:02,314 :: INFO :: ended task STSBenchmarkSTS(name='STSBenchmark', languages=['eng'])
2025-01-16 11:18:02,314 :: INFO :: started task ArguAna(name='ArguAna', languages=['eng'])
2025-01-16 11:18:02,749 :: INFO :: ended task ArguAna(name='ArguAna', languages=['eng'])
2025-01-16 11:18:02,749 :: INFO :: started task ArxivClusteringP2P(name='ArxivClusteringP2P', languages=['eng'])
2025-01-16 11:18:03,126 :: INFO :: ended task ArxivClusteringP2P(name='ArxivClusteringP2P', languages=['eng'])
2025-01-16 11:18:03,126 :: INFO :: started task BiorxivClusteringP2P(name='BiorxivClusteringP2P', languages=['eng'])
2025-01-16 11:18:03,485 :: INFO :: ended task BiorxivClusteringP2P(name='BiorxivClusteringP2P', languages=['eng'])
2025-01-16 11:18:03,485 :: INFO :: started task MedrxivClusteringP2P(name='MedrxivClusteringP2P', languages=['eng'])
2025-01-16 11:18:03,851 :: INFO :: ended task MedrxivClusteringP2P(name='MedrxivClusteringP2P', languages=['eng'])
2025-01-16 11:18:03,851 :: INFO :: started task MindSmallReranking(name='MindSmallReranking', languages=['eng'])
2025-01-16 11:18:04,208 :: INFO :: ended task MindSmallReranking(name='MindSmallReranking', languages=['eng'])
2025-01-16 11:18:04,208 :: INFO :: started task RedditClusteringP2P(name='RedditClusteringP2P', languages=['eng'])
2025-01-16 11:18:04,571 :: INFO :: ended task RedditClusteringP2P(name='RedditClusteringP2P', languages=['eng'])
2025-01-16 11:18:04,572 :: INFO :: started task SCIDOCS(name='SCIDOCS', languages=['eng'])
2025-01-16 11:18:04,928 :: INFO :: ended task SCIDOCS(name='SCIDOCS', languages=['eng'])
2025-01-16 11:18:04,928 :: INFO :: started task SciDocsReranking(name='SciDocsRR', languages=['eng'])
2025-01-16 11:18:05,287 :: INFO :: ended task SciDocsReranking(name='SciDocsRR', languages=['eng'])
2025-01-16 11:18:05,287 :: INFO :: started task StackExchangeClusteringP2P(name='StackExchangeClusteringP2P', languages=['eng'])
2025-01-16 11:18:05,644 :: INFO :: ended task StackExchangeClusteringP2P(name='StackExchangeClusteringP2P', languages=['eng'])
2025-01-16 11:18:05,644 :: INFO :: started task STS15STS(name='STS15', languages=['eng'])
2025-01-16 11:18:06,001 :: INFO :: ended task STS15STS(name='STS15', languages=['eng'])
2025-01-16 11:18:06,001 :: INFO :: started task STS16STS(name='STS16', languages=['eng'])
2025-01-16 11:18:06,368 :: INFO :: ended task STS16STS(name='STS16', languages=['eng'])
2025-01-16 11:18:06,368 :: INFO :: started task STSBenchmarkSTS(name='STSBenchmark', languages=['eng'])
2025-01-16 11:18:06,724 :: INFO :: ended task STSBenchmarkSTS(name='STSBenchmark', languages=['eng'])
2025-01-16 11:18:06,724 :: INFO :: started task ArguAna(name='ArguAna', languages=['eng'])
2025-01-16 11:18:07,081 :: INFO :: ended task ArguAna(name='ArguAna', languages=['eng'])
2025-01-16 11:18:07,081 :: INFO :: started task ArxivClusteringP2P(name='ArxivClusteringP2P', languages=['eng'])
2025-01-16 11:18:07,462 :: INFO :: ended task ArxivClusteringP2P(name='ArxivClusteringP2P', languages=['eng'])
2025-01-16 11:18:07,463 :: INFO :: started task BiorxivClusteringP2P(name='BiorxivClusteringP2P', languages=['eng'])
2025-01-16 11:18:07,850 :: INFO :: ended task BiorxivClusteringP2P(name='BiorxivClusteringP2P', languages=['eng'])
2025-01-16 11:18:07,850 :: INFO :: started task MedrxivClusteringP2P(name='MedrxivClusteringP2P', languages=['eng'])
2025-01-16 11:18:08,207 :: INFO :: ended task MedrxivClusteringP2P(name='MedrxivClusteringP2P', languages=['eng'])
2025-01-16 11:18:08,208 :: INFO :: started task MindSmallReranking(name='MindSmallReranking', languages=['eng'])
2025-01-16 11:18:08,605 :: INFO :: ended task MindSmallReranking(name='MindSmallReranking', languages=['eng'])
2025-01-16 11:18:08,605 :: INFO :: started task RedditClusteringP2P(name='RedditClusteringP2P', languages=['eng'])
2025-01-16 11:18:08,997 :: INFO :: ended task RedditClusteringP2P(name='RedditClusteringP2P', languages=['eng'])
2025-01-16 11:18:08,998 :: INFO :: started task SCIDOCS(name='SCIDOCS', languages=['eng'])
2025-01-16 11:18:09,410 :: INFO :: ended task SCIDOCS(name='SCIDOCS', languages=['eng'])
2025-01-16 11:18:09,410 :: INFO :: started task SciDocsReranking(name='SciDocsRR', languages=['eng'])
2025-01-16 11:18:09,785 :: INFO :: ended task SciDocsReranking(name='SciDocsRR', languages=['eng'])
2025-01-16 11:18:09,786 :: INFO :: started task StackExchangeClusteringP2P(name='StackExchangeClusteringP2P', languages=['eng'])
2025-01-16 11:18:10,159 :: INFO :: ended task StackExchangeClusteringP2P(name='StackExchangeClusteringP2P', languages=['eng'])
2025-01-16 11:18:10,159 :: INFO :: started task STS15STS(name='STS15', languages=['eng'])
2025-01-16 11:18:10,536 :: INFO :: ended task STS15STS(name='STS15', languages=['eng'])
2025-01-16 11:18:10,536 :: INFO :: started task STS16STS(name='STS16', languages=['eng'])
2025-01-16 11:18:10,921 :: INFO :: ended task STS16STS(name='STS16', languages=['eng'])
2025-01-16 11:18:10,921 :: INFO :: started task STSBenchmarkSTS(name='STSBenchmark', languages=['eng'])
2025-01-16 11:18:11,309 :: INFO :: ended task STSBenchmarkSTS(name='STSBenchmark', languages=['eng'])
2025-01-16 11:18:11,309 :: INFO :: started task ArguAna(name='ArguAna', languages=['eng'])
2025-01-16 11:18:11,697 :: INFO :: ended task ArguAna(name='ArguAna', languages=['eng'])
2025-01-16 11:18:11,697 :: INFO :: started task ArxivClusteringP2P(name='ArxivClusteringP2P', languages=['eng'])
2025-01-16 11:18:12,058 :: INFO :: ended task ArxivClusteringP2P(name='ArxivClusteringP2P', languages=['eng'])
2025-01-16 11:18:12,058 :: INFO :: started task BiorxivClusteringP2P(name='BiorxivClusteringP2P', languages=['eng'])
2025-01-16 11:18:12,427 :: INFO :: ended task BiorxivClusteringP2P(name='BiorxivClusteringP2P', languages=['eng'])
2025-01-16 11:18:12,427 :: INFO :: started task MedrxivClusteringP2P(name='MedrxivClusteringP2P', languages=['eng'])
2025-01-16 11:18:12,791 :: INFO :: ended task MedrxivClusteringP2P(name='MedrxivClusteringP2P', languages=['eng'])
2025-01-16 11:18:12,791 :: INFO :: started task MindSmallReranking(name='MindSmallReranking', languages=['eng'])
2025-01-16 11:18:13,157 :: INFO :: ended task MindSmallReranking(name='MindSmallReranking', languages=['eng'])
2025-01-16 11:18:13,157 :: INFO :: started task RedditClusteringP2P(name='RedditClusteringP2P', languages=['eng'])
2025-01-16 11:20:53,259 :: INFO :: ended task RedditClusteringP2P(name='RedditClusteringP2P', languages=['eng'])
2025-01-16 11:20:53,259 :: INFO :: started task SCIDOCS(name='SCIDOCS', languages=['eng'])
2025-01-16 11:21:15,252 :: INFO :: ended task SCIDOCS(name='SCIDOCS', languages=['eng'])
2025-01-16 11:21:15,252 :: INFO :: started task SciDocsReranking(name='SciDocsRR', languages=['eng'])
2025-01-16 11:21:15,625 :: INFO :: ended task SciDocsReranking(name='SciDocsRR', languages=['eng'])
2025-01-16 11:21:15,625 :: INFO :: started task StackExchangeClusteringP2P(name='StackExchangeClusteringP2P', languages=['eng'])
2025-01-16 11:21:56,711 :: INFO :: ended task StackExchangeClusteringP2P(name='StackExchangeClusteringP2P', languages=['eng'])
2025-01-16 11:21:56,711 :: INFO :: started task STS15STS(name='STS15', languages=['eng'])
2025-01-16 11:22:01,920 :: INFO :: ended task STS15STS(name='STS15', languages=['eng'])
2025-01-16 11:22:01,920 :: INFO :: started task STS16STS(name='STS16', languages=['eng'])
2025-01-16 11:22:07,052 :: INFO :: ended task STS16STS(name='STS16', languages=['eng'])
2025-01-16 11:22:07,052 :: INFO :: started task STSBenchmarkSTS(name='STSBenchmark', languages=['eng'])
2025-01-16 11:22:12,155 :: INFO :: ended task STSBenchmarkSTS(name='STSBenchmark', languages=['eng'])
2025-01-16 11:32:41,883 :: INFO :: logger set up successfully
2025-01-16 11:32:41,886 :: INFO :: started task ArguAna(name='ArguAna', languages=['eng'])
2025-01-16 11:32:56,912 :: INFO :: ended task ArguAna(name='ArguAna', languages=['eng'])
2025-01-16 11:32:56,912 :: INFO :: started task ArxivClusteringP2P(name='ArxivClusteringP2P', languages=['eng'])
2025-01-16 11:39:04,432 :: INFO :: ended task ArxivClusteringP2P(name='ArxivClusteringP2P', languages=['eng'])
2025-01-16 11:39:04,432 :: INFO :: started task BiorxivClusteringP2P(name='BiorxivClusteringP2P', languages=['eng'])
2025-01-16 11:40:18,308 :: INFO :: ended task BiorxivClusteringP2P(name='BiorxivClusteringP2P', languages=['eng'])
2025-01-16 11:40:18,308 :: INFO :: started task MedrxivClusteringP2P(name='MedrxivClusteringP2P', languages=['eng'])
2025-01-16 11:41:04,632 :: INFO :: ended task MedrxivClusteringP2P(name='MedrxivClusteringP2P', languages=['eng'])
2025-01-16 11:41:04,633 :: INFO :: started task MindSmallReranking(name='MindSmallReranking', languages=['eng'])
2025-01-16 11:46:11,508 :: INFO :: ended task MindSmallReranking(name='MindSmallReranking', languages=['eng'])
2025-01-16 11:46:11,508 :: INFO :: started task RedditClusteringP2P(name='RedditClusteringP2P', languages=['eng'])
2025-01-16 11:50:00,352 :: INFO :: ended task RedditClusteringP2P(name='RedditClusteringP2P', languages=['eng'])
2025-01-16 11:50:00,352 :: INFO :: started task SCIDOCS(name='SCIDOCS', languages=['eng'])
2025-01-16 11:50:25,785 :: INFO :: ended task SCIDOCS(name='SCIDOCS', languages=['eng'])
2025-01-16 11:50:25,786 :: INFO :: started task SciDocsReranking(name='SciDocsRR', languages=['eng'])
2025-01-16 11:50:48,176 :: INFO :: ended task SciDocsReranking(name='SciDocsRR', languages=['eng'])
2025-01-16 11:50:48,176 :: INFO :: started task StackExchangeClusteringP2P(name='StackExchangeClusteringP2P', languages=['eng'])
2025-01-16 11:52:21,090 :: INFO :: ended task StackExchangeClusteringP2P(name='StackExchangeClusteringP2P', languages=['eng'])
2025-01-16 11:52:21,090 :: INFO :: started task STS15STS(name='STS15', languages=['eng'])
2025-01-16 11:52:27,206 :: INFO :: ended task STS15STS(name='STS15', languages=['eng'])
2025-01-16 11:52:27,206 :: INFO :: started task STS16STS(name='STS16', languages=['eng'])
2025-01-16 11:52:34,387 :: INFO :: ended task STS16STS(name='STS16', languages=['eng'])
2025-01-16 11:52:34,388 :: INFO :: started task STSBenchmarkSTS(name='STSBenchmark', languages=['eng'])
2025-01-16 11:52:40,949 :: INFO :: ended task STSBenchmarkSTS(name='STSBenchmark', languages=['eng'])
2025-01-16 11:52:40,949 :: INFO :: started task ArguAna(name='ArguAna', languages=['eng'])
2025-01-16 11:52:49,205 :: INFO :: ended task ArguAna(name='ArguAna', languages=['eng'])
2025-01-16 11:52:49,205 :: INFO :: started task ArxivClusteringP2P(name='ArxivClusteringP2P', languages=['eng'])
2025-01-16 11:56:55,938 :: INFO :: ended task ArxivClusteringP2P(name='ArxivClusteringP2P', languages=['eng'])
2025-01-16 11:56:55,938 :: INFO :: started task BiorxivClusteringP2P(name='BiorxivClusteringP2P', languages=['eng'])
2025-01-16 11:57:35,916 :: INFO :: ended task BiorxivClusteringP2P(name='BiorxivClusteringP2P', languages=['eng'])
2025-01-16 11:57:35,916 :: INFO :: started task MedrxivClusteringP2P(name='MedrxivClusteringP2P', languages=['eng'])
2025-01-16 11:58:01,527 :: INFO :: ended task MedrxivClusteringP2P(name='MedrxivClusteringP2P', languages=['eng'])
2025-01-16 11:58:01,527 :: INFO :: started task MindSmallReranking(name='MindSmallReranking', languages=['eng'])
2025-01-16 12:02:00,805 :: INFO :: ended task MindSmallReranking(name='MindSmallReranking', languages=['eng'])
2025-01-16 12:02:00,806 :: INFO :: started task RedditClusteringP2P(name='RedditClusteringP2P', languages=['eng'])
2025-01-16 12:04:16,523 :: INFO :: ended task RedditClusteringP2P(name='RedditClusteringP2P', languages=['eng'])
2025-01-16 12:04:16,523 :: INFO :: started task SCIDOCS(name='SCIDOCS', languages=['eng'])
2025-01-16 12:04:29,474 :: INFO :: ended task SCIDOCS(name='SCIDOCS', languages=['eng'])
2025-01-16 12:04:29,474 :: INFO :: started task SciDocsReranking(name='SciDocsRR', languages=['eng'])
2025-01-16 12:04:37,163 :: INFO :: ended task SciDocsReranking(name='SciDocsRR', languages=['eng'])
2025-01-16 12:04:37,163 :: INFO :: started task StackExchangeClusteringP2P(name='StackExchangeClusteringP2P', languages=['eng'])
2025-01-16 12:05:49,743 :: INFO :: ended task StackExchangeClusteringP2P(name='StackExchangeClusteringP2P', languages=['eng'])
2025-01-16 12:05:49,744 :: INFO :: started task STS15STS(name='STS15', languages=['eng'])
2025-01-16 12:05:50,827 :: INFO :: ended task STS15STS(name='STS15', languages=['eng'])
2025-01-16 12:05:50,827 :: INFO :: started task STS16STS(name='STS16', languages=['eng'])
2025-01-16 12:05:51,794 :: INFO :: ended task STS16STS(name='STS16', languages=['eng'])
2025-01-16 12:05:51,794 :: INFO :: started task STSBenchmarkSTS(name='STSBenchmark', languages=['eng'])
2025-01-16 12:05:52,267 :: INFO :: ended task STSBenchmarkSTS(name='STSBenchmark', languages=['eng'])
2025-01-16 12:05:52,267 :: INFO :: started task ArguAna(name='ArguAna', languages=['eng'])
2025-01-16 12:06:00,320 :: INFO :: ended task ArguAna(name='ArguAna', languages=['eng'])
2025-01-16 12:06:00,321 :: INFO :: started task ArxivClusteringP2P(name='ArxivClusteringP2P', languages=['eng'])
2025-01-16 12:09:57,510 :: INFO :: ended task ArxivClusteringP2P(name='ArxivClusteringP2P', languages=['eng'])
2025-01-16 12:09:57,510 :: INFO :: started task BiorxivClusteringP2P(name='BiorxivClusteringP2P', languages=['eng'])
2025-01-16 12:10:35,919 :: INFO :: ended task BiorxivClusteringP2P(name='BiorxivClusteringP2P', languages=['eng'])
2025-01-16 12:10:35,920 :: INFO :: started task MedrxivClusteringP2P(name='MedrxivClusteringP2P', languages=['eng'])
2025-01-16 12:11:00,311 :: INFO :: ended task MedrxivClusteringP2P(name='MedrxivClusteringP2P', languages=['eng'])
2025-01-16 12:11:00,311 :: INFO :: started task MindSmallReranking(name='MindSmallReranking', languages=['eng'])
2025-01-16 12:13:57,650 :: INFO :: ended task MindSmallReranking(name='MindSmallReranking', languages=['eng'])
2025-01-16 12:13:57,650 :: INFO :: started task RedditClusteringP2P(name='RedditClusteringP2P', languages=['eng'])
2025-01-16 12:16:10,648 :: INFO :: ended task RedditClusteringP2P(name='RedditClusteringP2P', languages=['eng'])
2025-01-16 12:16:10,648 :: INFO :: started task SCIDOCS(name='SCIDOCS', languages=['eng'])
2025-01-16 12:16:23,090 :: INFO :: ended task SCIDOCS(name='SCIDOCS', languages=['eng'])
2025-01-16 12:16:23,090 :: INFO :: started task SciDocsReranking(name='SciDocsRR', languages=['eng'])
2025-01-16 12:16:30,874 :: INFO :: ended task SciDocsReranking(name='SciDocsRR', languages=['eng'])
2025-01-16 12:16:30,875 :: INFO :: started task StackExchangeClusteringP2P(name='StackExchangeClusteringP2P', languages=['eng'])
2025-01-16 12:17:45,007 :: INFO :: ended task StackExchangeClusteringP2P(name='StackExchangeClusteringP2P', languages=['eng'])
2025-01-16 12:17:45,008 :: INFO :: started task STS15STS(name='STS15', languages=['eng'])
2025-01-16 12:17:45,688 :: INFO :: ended task STS15STS(name='STS15', languages=['eng'])
2025-01-16 12:17:45,688 :: INFO :: started task STS16STS(name='STS16', languages=['eng'])
2025-01-16 12:17:46,158 :: INFO :: ended task STS16STS(name='STS16', languages=['eng'])
2025-01-16 12:17:46,159 :: INFO :: started task STSBenchmarkSTS(name='STSBenchmark', languages=['eng'])
2025-01-16 12:17:46,633 :: INFO :: ended task STSBenchmarkSTS(name='STSBenchmark', languages=['eng'])
2025-01-16 12:17:46,633 :: INFO :: started task ArguAna(name='ArguAna', languages=['eng'])
2025-01-16 12:17:55,136 :: INFO :: ended task ArguAna(name='ArguAna', languages=['eng'])
2025-01-16 12:17:55,136 :: INFO :: started task ArxivClusteringP2P(name='ArxivClusteringP2P', languages=['eng'])
2025-01-16 12:23:55,260 :: INFO :: ended task ArxivClusteringP2P(name='ArxivClusteringP2P', languages=['eng'])
2025-01-16 12:23:55,261 :: INFO :: started task BiorxivClusteringP2P(name='BiorxivClusteringP2P', languages=['eng'])
2025-01-16 12:24:55,462 :: INFO :: ended task BiorxivClusteringP2P(name='BiorxivClusteringP2P', languages=['eng'])
2025-01-16 12:24:55,462 :: INFO :: started task MedrxivClusteringP2P(name='MedrxivClusteringP2P', languages=['eng'])
2025-01-16 12:28:01,938 :: INFO :: ended task MedrxivClusteringP2P(name='MedrxivClusteringP2P', languages=['eng'])
2025-01-16 12:28:01,938 :: INFO :: started task MindSmallReranking(name='MindSmallReranking', languages=['eng'])
2025-01-16 12:32:55,858 :: INFO :: ended task MindSmallReranking(name='MindSmallReranking', languages=['eng'])
2025-01-16 12:32:55,858 :: INFO :: started task RedditClusteringP2P(name='RedditClusteringP2P', languages=['eng'])
2025-01-16 12:36:18,961 :: INFO :: ended task RedditClusteringP2P(name='RedditClusteringP2P', languages=['eng'])
2025-01-16 12:36:18,961 :: INFO :: started task SCIDOCS(name='SCIDOCS', languages=['eng'])
2025-01-16 12:36:35,285 :: INFO :: ended task SCIDOCS(name='SCIDOCS', languages=['eng'])
2025-01-16 12:36:35,285 :: INFO :: started task SciDocsReranking(name='SciDocsRR', languages=['eng'])
2025-01-16 12:36:51,616 :: INFO :: ended task SciDocsReranking(name='SciDocsRR', languages=['eng'])
2025-01-16 12:36:51,616 :: INFO :: started task StackExchangeClusteringP2P(name='StackExchangeClusteringP2P', languages=['eng'])
2025-01-16 12:38:14,741 :: INFO :: ended task StackExchangeClusteringP2P(name='StackExchangeClusteringP2P', languages=['eng'])
2025-01-16 12:38:14,741 :: INFO :: started task STS15STS(name='STS15', languages=['eng'])
2025-01-16 12:38:17,386 :: INFO :: ended task STS15STS(name='STS15', languages=['eng'])
2025-01-16 12:38:17,386 :: INFO :: started task STS16STS(name='STS16', languages=['eng'])
2025-01-16 12:38:18,580 :: INFO :: ended task STS16STS(name='STS16', languages=['eng'])
2025-01-16 12:38:18,581 :: INFO :: started task STSBenchmarkSTS(name='STSBenchmark', languages=['eng'])
2025-01-16 12:38:19,806 :: INFO :: ended task STSBenchmarkSTS(name='STSBenchmark', languages=['eng'])
2025-01-16 12:38:19,806 :: INFO :: started task ArguAna(name='ArguAna', languages=['eng'])
2025-01-16 12:38:27,457 :: INFO :: ended task ArguAna(name='ArguAna', languages=['eng'])
2025-01-16 12:38:27,457 :: INFO :: started task ArxivClusteringP2P(name='ArxivClusteringP2P', languages=['eng'])
2025-01-16 12:42:23,225 :: INFO :: ended task ArxivClusteringP2P(name='ArxivClusteringP2P', languages=['eng'])
2025-01-16 12:42:23,226 :: INFO :: started task BiorxivClusteringP2P(name='BiorxivClusteringP2P', languages=['eng'])
2025-01-16 12:43:02,084 :: INFO :: ended task BiorxivClusteringP2P(name='BiorxivClusteringP2P', languages=['eng'])
2025-01-16 12:43:02,085 :: INFO :: started task MedrxivClusteringP2P(name='MedrxivClusteringP2P', languages=['eng'])
2025-01-16 12:43:28,037 :: INFO :: ended task MedrxivClusteringP2P(name='MedrxivClusteringP2P', languages=['eng'])
2025-01-16 12:43:28,037 :: INFO :: started task MindSmallReranking(name='MindSmallReranking', languages=['eng'])
2025-01-16 12:46:34,580 :: INFO :: ended task MindSmallReranking(name='MindSmallReranking', languages=['eng'])
2025-01-16 12:46:34,580 :: INFO :: started task RedditClusteringP2P(name='RedditClusteringP2P', languages=['eng'])
2025-01-16 12:49:33,819 :: INFO :: ended task RedditClusteringP2P(name='RedditClusteringP2P', languages=['eng'])
2025-01-16 12:49:33,819 :: INFO :: started task SCIDOCS(name='SCIDOCS', languages=['eng'])
2025-01-16 12:49:46,268 :: INFO :: ended task SCIDOCS(name='SCIDOCS', languages=['eng'])
2025-01-16 12:49:46,268 :: INFO :: started task SciDocsReranking(name='SciDocsRR', languages=['eng'])
2025-01-16 12:49:54,399 :: INFO :: ended task SciDocsReranking(name='SciDocsRR', languages=['eng'])
2025-01-16 12:49:54,399 :: INFO :: started task StackExchangeClusteringP2P(name='StackExchangeClusteringP2P', languages=['eng'])
2025-01-16 12:51:01,741 :: INFO :: ended task StackExchangeClusteringP2P(name='StackExchangeClusteringP2P', languages=['eng'])
2025-01-16 12:51:01,741 :: INFO :: started task STS15STS(name='STS15', languages=['eng'])
2025-01-16 12:51:02,400 :: INFO :: ended task STS15STS(name='STS15', languages=['eng'])
2025-01-16 12:51:02,400 :: INFO :: started task STS16STS(name='STS16', languages=['eng'])
2025-01-16 12:51:02,870 :: INFO :: ended task STS16STS(name='STS16', languages=['eng'])
2025-01-16 12:51:02,870 :: INFO :: started task STSBenchmarkSTS(name='STSBenchmark', languages=['eng'])
2025-01-16 12:51:03,342 :: INFO :: ended task STSBenchmarkSTS(name='STSBenchmark', languages=['eng'])
2025-01-16 12:51:03,342 :: INFO :: started task ArguAna(name='ArguAna', languages=['eng'])
2025-01-16 12:51:11,767 :: INFO :: ended task ArguAna(name='ArguAna', languages=['eng'])
2025-01-16 12:51:11,767 :: INFO :: started task ArxivClusteringP2P(name='ArxivClusteringP2P', languages=['eng'])
2025-01-16 12:59:40,462 :: INFO :: ended task ArxivClusteringP2P(name='ArxivClusteringP2P', languages=['eng'])
2025-01-16 12:59:40,462 :: INFO :: started task BiorxivClusteringP2P(name='BiorxivClusteringP2P', languages=['eng'])
2025-01-16 13:00:37,221 :: INFO :: ended task BiorxivClusteringP2P(name='BiorxivClusteringP2P', languages=['eng'])
2025-01-16 13:00:37,221 :: INFO :: started task MedrxivClusteringP2P(name='MedrxivClusteringP2P', languages=['eng'])
2025-01-16 13:01:10,214 :: INFO :: ended task MedrxivClusteringP2P(name='MedrxivClusteringP2P', languages=['eng'])
2025-01-16 13:01:10,215 :: INFO :: started task MindSmallReranking(name='MindSmallReranking', languages=['eng'])
2025-01-16 13:06:07,940 :: INFO :: ended task MindSmallReranking(name='MindSmallReranking', languages=['eng'])
2025-01-16 13:06:07,941 :: INFO :: started task RedditClusteringP2P(name='RedditClusteringP2P', languages=['eng'])
2025-01-16 13:52:57,042 :: INFO :: ended task RedditClusteringP2P(name='RedditClusteringP2P', languages=['eng'])
2025-01-16 13:52:57,042 :: INFO :: started task SCIDOCS(name='SCIDOCS', languages=['eng'])
2025-01-16 13:53:14,233 :: INFO :: ended task SCIDOCS(name='SCIDOCS', languages=['eng'])
2025-01-16 13:53:14,233 :: INFO :: started task SciDocsReranking(name='SciDocsRR', languages=['eng'])
2025-01-16 13:53:31,020 :: INFO :: ended task SciDocsReranking(name='SciDocsRR', languages=['eng'])
2025-01-16 13:53:31,020 :: INFO :: started task StackExchangeClusteringP2P(name='StackExchangeClusteringP2P', languages=['eng'])
2025-01-16 13:54:53,913 :: INFO :: ended task StackExchangeClusteringP2P(name='StackExchangeClusteringP2P', languages=['eng'])
2025-01-16 13:54:53,913 :: INFO :: started task STS15STS(name='STS15', languages=['eng'])
2025-01-16 13:54:55,647 :: INFO :: ended task STS15STS(name='STS15', languages=['eng'])
2025-01-16 13:54:55,647 :: INFO :: started task STS16STS(name='STS16', languages=['eng'])
2025-01-16 13:55:01,073 :: INFO :: ended task STS16STS(name='STS16', languages=['eng'])
2025-01-16 13:55:01,073 :: INFO :: started task STSBenchmarkSTS(name='STSBenchmark', languages=['eng'])
2025-01-16 13:55:02,922 :: INFO :: ended task STSBenchmarkSTS(name='STSBenchmark', languages=['eng'])
2025-01-16 13:55:02,922 :: INFO :: started task ArguAna(name='ArguAna', languages=['eng'])
2025-01-16 13:55:27,328 :: INFO :: ended task ArguAna(name='ArguAna', languages=['eng'])
2025-01-16 13:55:27,328 :: INFO :: started task ArxivClusteringP2P(name='ArxivClusteringP2P', languages=['eng'])
2025-01-16 14:13:03,483 :: INFO :: ended task ArxivClusteringP2P(name='ArxivClusteringP2P', languages=['eng'])
2025-01-16 14:13:03,483 :: INFO :: started task BiorxivClusteringP2P(name='BiorxivClusteringP2P', languages=['eng'])
2025-01-16 14:15:19,148 :: INFO :: ended task BiorxivClusteringP2P(name='BiorxivClusteringP2P', languages=['eng'])
2025-01-16 14:15:19,149 :: INFO :: started task MedrxivClusteringP2P(name='MedrxivClusteringP2P', languages=['eng'])
2025-01-16 14:16:30,440 :: INFO :: ended task MedrxivClusteringP2P(name='MedrxivClusteringP2P', languages=['eng'])
2025-01-16 14:16:30,441 :: INFO :: started task MindSmallReranking(name='MindSmallReranking', languages=['eng'])
2025-01-16 14:22:36,787 :: INFO :: ended task MindSmallReranking(name='MindSmallReranking', languages=['eng'])
2025-01-16 14:22:36,787 :: INFO :: started task RedditClusteringP2P(name='RedditClusteringP2P', languages=['eng'])
2025-01-16 14:30:14,676 :: INFO :: ended task RedditClusteringP2P(name='RedditClusteringP2P', languages=['eng'])
2025-01-16 14:30:14,677 :: INFO :: started task SCIDOCS(name='SCIDOCS', languages=['eng'])
2025-01-16 14:30:54,689 :: INFO :: ended task SCIDOCS(name='SCIDOCS', languages=['eng'])
2025-01-16 14:30:54,689 :: INFO :: started task SciDocsReranking(name='SciDocsRR', languages=['eng'])
2025-01-16 14:31:43,656 :: INFO :: ended task SciDocsReranking(name='SciDocsRR', languages=['eng'])
2025-01-16 14:31:43,656 :: INFO :: started task StackExchangeClusteringP2P(name='StackExchangeClusteringP2P', languages=['eng'])
2025-01-16 14:33:57,719 :: INFO :: ended task StackExchangeClusteringP2P(name='StackExchangeClusteringP2P', languages=['eng'])
2025-01-16 14:33:57,720 :: INFO :: started task STS15STS(name='STS15', languages=['eng'])
2025-01-16 14:33:59,693 :: INFO :: ended task STS15STS(name='STS15', languages=['eng'])
2025-01-16 14:33:59,693 :: INFO :: started task STS16STS(name='STS16', languages=['eng'])
2025-01-16 14:34:01,198 :: INFO :: ended task STS16STS(name='STS16', languages=['eng'])
2025-01-16 14:34:01,198 :: INFO :: started task STSBenchmarkSTS(name='STSBenchmark', languages=['eng'])
2025-01-16 14:34:02,521 :: INFO :: ended task STSBenchmarkSTS(name='STSBenchmark', languages=['eng'])
2025-01-16 14:34:02,521 :: INFO :: started task ArguAna(name='ArguAna', languages=['eng'])
2025-01-16 14:34:11,632 :: INFO :: ended task ArguAna(name='ArguAna', languages=['eng'])
2025-01-16 14:34:11,632 :: INFO :: started task ArxivClusteringP2P(name='ArxivClusteringP2P', languages=['eng'])
2025-01-16 14:39:43,579 :: INFO :: ended task ArxivClusteringP2P(name='ArxivClusteringP2P', languages=['eng'])
2025-01-16 14:39:43,579 :: INFO :: started task BiorxivClusteringP2P(name='BiorxivClusteringP2P', languages=['eng'])
2025-01-16 14:40:44,268 :: INFO :: ended task BiorxivClusteringP2P(name='BiorxivClusteringP2P', languages=['eng'])
2025-01-16 14:40:44,268 :: INFO :: started task MedrxivClusteringP2P(name='MedrxivClusteringP2P', languages=['eng'])
2025-01-16 14:41:18,625 :: INFO :: ended task MedrxivClusteringP2P(name='MedrxivClusteringP2P', languages=['eng'])
2025-01-16 14:41:18,625 :: INFO :: started task MindSmallReranking(name='MindSmallReranking', languages=['eng'])
2025-01-16 14:45:53,625 :: INFO :: ended task MindSmallReranking(name='MindSmallReranking', languages=['eng'])
2025-01-16 14:45:53,625 :: INFO :: started task RedditClusteringP2P(name='RedditClusteringP2P', languages=['eng'])
2025-01-16 14:48:56,766 :: INFO :: ended task RedditClusteringP2P(name='RedditClusteringP2P', languages=['eng'])
2025-01-16 14:48:56,767 :: INFO :: started task SCIDOCS(name='SCIDOCS', languages=['eng'])
2025-01-16 14:49:13,922 :: INFO :: ended task SCIDOCS(name='SCIDOCS', languages=['eng'])
2025-01-16 14:49:13,922 :: INFO :: started task SciDocsReranking(name='SciDocsRR', languages=['eng'])
2025-01-16 14:49:22,766 :: INFO :: ended task SciDocsReranking(name='SciDocsRR', languages=['eng'])
2025-01-16 14:49:22,766 :: INFO :: started task StackExchangeClusteringP2P(name='StackExchangeClusteringP2P', languages=['eng'])
2025-01-16 14:50:44,278 :: INFO :: ended task StackExchangeClusteringP2P(name='StackExchangeClusteringP2P', languages=['eng'])
2025-01-16 14:50:44,278 :: INFO :: started task STS15STS(name='STS15', languages=['eng'])
2025-01-16 14:50:45,576 :: INFO :: ended task STS15STS(name='STS15', languages=['eng'])
2025-01-16 14:50:45,576 :: INFO :: started task STS16STS(name='STS16', languages=['eng'])
2025-01-16 14:50:46,473 :: INFO :: ended task STS16STS(name='STS16', languages=['eng'])
2025-01-16 14:50:46,473 :: INFO :: started task STSBenchmarkSTS(name='STSBenchmark', languages=['eng'])
2025-01-16 14:50:47,413 :: INFO :: ended task STSBenchmarkSTS(name='STSBenchmark', languages=['eng'])
2025-01-16 14:50:47,413 :: INFO :: started task ArguAna(name='ArguAna', languages=['eng'])
2025-01-16 14:50:57,536 :: INFO :: ended task ArguAna(name='ArguAna', languages=['eng'])
2025-01-16 14:50:57,536 :: INFO :: started task ArxivClusteringP2P(name='ArxivClusteringP2P', languages=['eng'])
2025-01-16 14:56:25,871 :: INFO :: ended task ArxivClusteringP2P(name='ArxivClusteringP2P', languages=['eng'])
2025-01-16 14:56:25,871 :: INFO :: started task BiorxivClusteringP2P(name='BiorxivClusteringP2P', languages=['eng'])
2025-01-16 14:57:19,245 :: INFO :: ended task BiorxivClusteringP2P(name='BiorxivClusteringP2P', languages=['eng'])
2025-01-16 14:57:19,245 :: INFO :: started task MedrxivClusteringP2P(name='MedrxivClusteringP2P', languages=['eng'])
2025-01-16 14:57:51,658 :: INFO :: ended task MedrxivClusteringP2P(name='MedrxivClusteringP2P', languages=['eng'])
2025-01-16 14:57:51,659 :: INFO :: started task MindSmallReranking(name='MindSmallReranking', languages=['eng'])
2025-01-16 15:01:19,741 :: INFO :: ended task MindSmallReranking(name='MindSmallReranking', languages=['eng'])
2025-01-16 15:01:19,741 :: INFO :: started task RedditClusteringP2P(name='RedditClusteringP2P', languages=['eng'])
2025-01-16 15:04:21,273 :: INFO :: ended task RedditClusteringP2P(name='RedditClusteringP2P', languages=['eng'])
2025-01-16 15:04:21,274 :: INFO :: started task SCIDOCS(name='SCIDOCS', languages=['eng'])
2025-01-16 15:04:37,592 :: INFO :: ended task SCIDOCS(name='SCIDOCS', languages=['eng'])
2025-01-16 15:04:37,592 :: INFO :: started task SciDocsReranking(name='SciDocsRR', languages=['eng'])
2025-01-16 15:04:46,388 :: INFO :: ended task SciDocsReranking(name='SciDocsRR', languages=['eng'])
2025-01-16 15:04:46,388 :: INFO :: started task StackExchangeClusteringP2P(name='StackExchangeClusteringP2P', languages=['eng'])
2025-01-16 15:06:09,580 :: INFO :: ended task StackExchangeClusteringP2P(name='StackExchangeClusteringP2P', languages=['eng'])
2025-01-16 15:06:09,581 :: INFO :: started task STS15STS(name='STS15', languages=['eng'])
2025-01-16 15:06:10,304 :: INFO :: ended task STS15STS(name='STS15', languages=['eng'])
2025-01-16 15:06:10,304 :: INFO :: started task STS16STS(name='STS16', languages=['eng'])
2025-01-16 15:06:10,790 :: INFO :: ended task STS16STS(name='STS16', languages=['eng'])
2025-01-16 15:06:10,790 :: INFO :: started task STSBenchmarkSTS(name='STSBenchmark', languages=['eng'])
2025-01-16 15:06:11,280 :: INFO :: ended task STSBenchmarkSTS(name='STSBenchmark', languages=['eng'])
2025-01-16 15:06:11,280 :: INFO :: started task ArguAna(name='ArguAna', languages=['eng'])
2025-01-16 15:06:32,419 :: INFO :: ended task ArguAna(name='ArguAna', languages=['eng'])
2025-01-16 15:06:32,419 :: INFO :: started task ArxivClusteringP2P(name='ArxivClusteringP2P', languages=['eng'])
2025-01-16 15:24:33,417 :: INFO :: ended task ArxivClusteringP2P(name='ArxivClusteringP2P', languages=['eng'])
2025-01-16 15:24:33,417 :: INFO :: started task BiorxivClusteringP2P(name='BiorxivClusteringP2P', languages=['eng'])
2025-01-16 15:27:06,334 :: INFO :: ended task BiorxivClusteringP2P(name='BiorxivClusteringP2P', languages=['eng'])
2025-01-16 15:27:06,335 :: INFO :: started task MedrxivClusteringP2P(name='MedrxivClusteringP2P', languages=['eng'])
2025-01-16 15:28:20,506 :: INFO :: ended task MedrxivClusteringP2P(name='MedrxivClusteringP2P', languages=['eng'])
2025-01-16 15:28:20,507 :: INFO :: started task MindSmallReranking(name='MindSmallReranking', languages=['eng'])
2025-01-16 15:34:31,135 :: INFO :: ended task MindSmallReranking(name='MindSmallReranking', languages=['eng'])
2025-01-16 15:34:31,136 :: INFO :: started task RedditClusteringP2P(name='RedditClusteringP2P', languages=['eng'])
2025-01-16 15:42:06,154 :: INFO :: ended task RedditClusteringP2P(name='RedditClusteringP2P', languages=['eng'])
2025-01-16 15:42:06,155 :: INFO :: started task SCIDOCS(name='SCIDOCS', languages=['eng'])
2025-01-16 15:42:47,704 :: INFO :: ended task SCIDOCS(name='SCIDOCS', languages=['eng'])
2025-01-16 15:42:47,704 :: INFO :: started task SciDocsReranking(name='SciDocsRR', languages=['eng'])
2025-01-16 15:43:35,368 :: INFO :: ended task SciDocsReranking(name='SciDocsRR', languages=['eng'])
2025-01-16 15:43:35,368 :: INFO :: started task StackExchangeClusteringP2P(name='StackExchangeClusteringP2P', languages=['eng'])
2025-01-16 15:45:48,997 :: INFO :: ended task StackExchangeClusteringP2P(name='StackExchangeClusteringP2P', languages=['eng'])
2025-01-16 15:45:48,997 :: INFO :: started task STS15STS(name='STS15', languages=['eng'])
2025-01-16 15:45:50,967 :: INFO :: ended task STS15STS(name='STS15', languages=['eng'])
2025-01-16 15:45:50,967 :: INFO :: started task STS16STS(name='STS16', languages=['eng'])
2025-01-16 15:45:54,820 :: INFO :: ended task STS16STS(name='STS16', languages=['eng'])
2025-01-16 15:45:54,820 :: INFO :: started task STSBenchmarkSTS(name='STSBenchmark', languages=['eng'])
2025-01-16 15:45:57,366 :: INFO :: ended task STSBenchmarkSTS(name='STSBenchmark', languages=['eng'])
2025-01-16 15:45:57,366 :: INFO :: started task ArguAna(name='ArguAna', languages=['eng'])
2025-01-16 15:46:06,769 :: INFO :: ended task ArguAna(name='ArguAna', languages=['eng'])
2025-01-16 15:46:06,769 :: INFO :: started task ArxivClusteringP2P(name='ArxivClusteringP2P', languages=['eng'])
2025-01-16 15:51:34,651 :: INFO :: ended task ArxivClusteringP2P(name='ArxivClusteringP2P', languages=['eng'])
2025-01-16 15:51:34,651 :: INFO :: started task BiorxivClusteringP2P(name='BiorxivClusteringP2P', languages=['eng'])
2025-01-16 15:52:27,217 :: INFO :: ended task BiorxivClusteringP2P(name='BiorxivClusteringP2P', languages=['eng'])
2025-01-16 15:52:27,217 :: INFO :: started task MedrxivClusteringP2P(name='MedrxivClusteringP2P', languages=['eng'])
2025-01-16 15:52:59,603 :: INFO :: ended task MedrxivClusteringP2P(name='MedrxivClusteringP2P', languages=['eng'])
2025-01-16 15:52:59,603 :: INFO :: started task MindSmallReranking(name='MindSmallReranking', languages=['eng'])
2025-01-16 15:57:28,719 :: INFO :: ended task MindSmallReranking(name='MindSmallReranking', languages=['eng'])
2025-01-16 15:57:28,719 :: INFO :: started task RedditClusteringP2P(name='RedditClusteringP2P', languages=['eng'])
2025-01-16 16:00:31,381 :: INFO :: ended task RedditClusteringP2P(name='RedditClusteringP2P', languages=['eng'])
2025-01-16 16:00:31,382 :: INFO :: started task SCIDOCS(name='SCIDOCS', languages=['eng'])
2025-01-16 16:00:47,503 :: INFO :: ended task SCIDOCS(name='SCIDOCS', languages=['eng'])
2025-01-16 16:00:47,503 :: INFO :: started task SciDocsReranking(name='SciDocsRR', languages=['eng'])
2025-01-16 16:00:57,239 :: INFO :: ended task SciDocsReranking(name='SciDocsRR', languages=['eng'])
2025-01-16 16:00:57,239 :: INFO :: started task StackExchangeClusteringP2P(name='StackExchangeClusteringP2P', languages=['eng'])
2025-01-16 16:02:13,123 :: INFO :: ended task StackExchangeClusteringP2P(name='StackExchangeClusteringP2P', languages=['eng'])
2025-01-16 16:02:13,124 :: INFO :: started task STS15STS(name='STS15', languages=['eng'])
2025-01-16 16:02:14,371 :: INFO :: ended task STS15STS(name='STS15', languages=['eng'])
2025-01-16 16:02:14,371 :: INFO :: started task STS16STS(name='STS16', languages=['eng'])
2025-01-16 16:02:15,147 :: INFO :: ended task STS16STS(name='STS16', languages=['eng'])
2025-01-16 16:02:15,148 :: INFO :: started task STSBenchmarkSTS(name='STSBenchmark', languages=['eng'])
2025-01-16 16:02:15,647 :: INFO :: ended task STSBenchmarkSTS(name='STSBenchmark', languages=['eng'])
2025-01-16 16:02:15,647 :: INFO :: started task ArguAna(name='ArguAna', languages=['eng'])
2025-01-16 16:02:32,341 :: INFO :: ended task ArguAna(name='ArguAna', languages=['eng'])
2025-01-16 16:02:32,341 :: INFO :: started task ArxivClusteringP2P(name='ArxivClusteringP2P', languages=['eng'])
2025-01-16 16:19:13,960 :: INFO :: ended task ArxivClusteringP2P(name='ArxivClusteringP2P', languages=['eng'])
2025-01-16 16:19:13,961 :: INFO :: started task BiorxivClusteringP2P(name='BiorxivClusteringP2P', languages=['eng'])
2025-01-16 16:21:35,674 :: INFO :: ended task BiorxivClusteringP2P(name='BiorxivClusteringP2P', languages=['eng'])
2025-01-16 16:21:35,675 :: INFO :: started task MedrxivClusteringP2P(name='MedrxivClusteringP2P', languages=['eng'])
2025-01-16 16:22:44,792 :: INFO :: ended task MedrxivClusteringP2P(name='MedrxivClusteringP2P', languages=['eng'])
2025-01-16 16:22:44,792 :: INFO :: started task MindSmallReranking(name='MindSmallReranking', languages=['eng'])
2025-01-16 16:28:45,133 :: INFO :: ended task MindSmallReranking(name='MindSmallReranking', languages=['eng'])
2025-01-16 16:28:45,134 :: INFO :: started task RedditClusteringP2P(name='RedditClusteringP2P', languages=['eng'])
2025-01-16 16:35:54,705 :: INFO :: ended task RedditClusteringP2P(name='RedditClusteringP2P', languages=['eng'])
2025-01-16 16:35:54,705 :: INFO :: started task SCIDOCS(name='SCIDOCS', languages=['eng'])
2025-01-16 16:36:34,251 :: INFO :: ended task SCIDOCS(name='SCIDOCS', languages=['eng'])
2025-01-16 16:36:34,252 :: INFO :: started task SciDocsReranking(name='SciDocsRR', languages=['eng'])
2025-01-16 16:37:23,944 :: INFO :: ended task SciDocsReranking(name='SciDocsRR', languages=['eng'])
2025-01-16 16:37:23,944 :: INFO :: started task StackExchangeClusteringP2P(name='StackExchangeClusteringP2P', languages=['eng'])
2025-01-16 16:39:35,133 :: INFO :: ended task StackExchangeClusteringP2P(name='StackExchangeClusteringP2P', languages=['eng'])
2025-01-16 16:39:35,133 :: INFO :: started task STS15STS(name='STS15', languages=['eng'])
2025-01-16 16:39:37,469 :: INFO :: ended task STS15STS(name='STS15', languages=['eng'])
2025-01-16 16:39:37,469 :: INFO :: started task STS16STS(name='STS16', languages=['eng'])
2025-01-16 16:39:38,700 :: INFO :: ended task STS16STS(name='STS16', languages=['eng'])
2025-01-16 16:39:38,700 :: INFO :: started task STSBenchmarkSTS(name='STSBenchmark', languages=['eng'])
2025-01-16 16:39:40,005 :: INFO :: ended task STSBenchmarkSTS(name='STSBenchmark', languages=['eng'])
2025-01-16 16:39:40,005 :: INFO :: started task ArguAna(name='ArguAna', languages=['eng'])
2025-01-16 16:39:51,694 :: INFO :: ended task ArguAna(name='ArguAna', languages=['eng'])
2025-01-16 16:39:51,694 :: INFO :: started task ArxivClusteringP2P(name='ArxivClusteringP2P', languages=['eng'])
2025-01-16 16:53:06,935 :: INFO :: ended task ArxivClusteringP2P(name='ArxivClusteringP2P', languages=['eng'])
2025-01-16 16:53:06,935 :: INFO :: started task BiorxivClusteringP2P(name='BiorxivClusteringP2P', languages=['eng'])
2025-01-16 16:54:49,888 :: INFO :: ended task BiorxivClusteringP2P(name='BiorxivClusteringP2P', languages=['eng'])
2025-01-16 16:54:49,888 :: INFO :: started task MedrxivClusteringP2P(name='MedrxivClusteringP2P', languages=['eng'])
2025-01-16 16:55:44,202 :: INFO :: ended task MedrxivClusteringP2P(name='MedrxivClusteringP2P', languages=['eng'])
2025-01-16 16:55:44,202 :: INFO :: started task MindSmallReranking(name='MindSmallReranking', languages=['eng'])
2025-01-16 16:59:45,347 :: INFO :: ended task MindSmallReranking(name='MindSmallReranking', languages=['eng'])
2025-01-16 16:59:45,348 :: INFO :: started task RedditClusteringP2P(name='RedditClusteringP2P', languages=['eng'])
2025-01-16 17:04:50,291 :: INFO :: ended task RedditClusteringP2P(name='RedditClusteringP2P', languages=['eng'])
2025-01-16 17:04:50,291 :: INFO :: started task SCIDOCS(name='SCIDOCS', languages=['eng'])
2025-01-16 17:05:16,699 :: INFO :: ended task SCIDOCS(name='SCIDOCS', languages=['eng'])
2025-01-16 17:05:16,699 :: INFO :: started task SciDocsReranking(name='SciDocsRR', languages=['eng'])
2025-01-16 17:05:51,618 :: INFO :: ended task SciDocsReranking(name='SciDocsRR', languages=['eng'])
2025-01-16 17:05:51,618 :: INFO :: started task StackExchangeClusteringP2P(name='StackExchangeClusteringP2P', languages=['eng'])
2025-01-16 17:07:04,343 :: INFO :: ended task StackExchangeClusteringP2P(name='StackExchangeClusteringP2P', languages=['eng'])
2025-01-16 17:07:04,344 :: INFO :: started task STS15STS(name='STS15', languages=['eng'])
2025-01-16 17:07:06,102 :: INFO :: ended task STS15STS(name='STS15', languages=['eng'])
2025-01-16 17:07:06,102 :: INFO :: started task STS16STS(name='STS16', languages=['eng'])
2025-01-16 17:07:07,228 :: INFO :: ended task STS16STS(name='STS16', languages=['eng'])
2025-01-16 17:07:07,229 :: INFO :: started task STSBenchmarkSTS(name='STSBenchmark', languages=['eng'])
2025-01-16 17:07:08,348 :: INFO :: ended task STSBenchmarkSTS(name='STSBenchmark', languages=['eng'])
2025-01-16 17:07:08,348 :: INFO :: started task ArguAna(name='ArguAna', languages=['eng'])
2025-01-16 17:07:16,523 :: INFO :: ended task ArguAna(name='ArguAna', languages=['eng'])
2025-01-16 17:07:16,523 :: INFO :: started task ArxivClusteringP2P(name='ArxivClusteringP2P', languages=['eng'])
2025-01-16 17:11:48,558 :: INFO :: ended task ArxivClusteringP2P(name='ArxivClusteringP2P', languages=['eng'])
2025-01-16 17:11:48,558 :: INFO :: started task BiorxivClusteringP2P(name='BiorxivClusteringP2P', languages=['eng'])
2025-01-16 17:12:34,125 :: INFO :: ended task BiorxivClusteringP2P(name='BiorxivClusteringP2P', languages=['eng'])
2025-01-16 17:12:34,126 :: INFO :: started task MedrxivClusteringP2P(name='MedrxivClusteringP2P', languages=['eng'])
2025-01-16 17:13:02,153 :: INFO :: ended task MedrxivClusteringP2P(name='MedrxivClusteringP2P', languages=['eng'])
2025-01-16 17:13:02,153 :: INFO :: started task MindSmallReranking(name='MindSmallReranking', languages=['eng'])
2025-01-16 17:16:03,912 :: INFO :: ended task MindSmallReranking(name='MindSmallReranking', languages=['eng'])
2025-01-16 17:16:03,912 :: INFO :: started task RedditClusteringP2P(name='RedditClusteringP2P', languages=['eng'])
2025-01-16 17:18:36,689 :: INFO :: ended task RedditClusteringP2P(name='RedditClusteringP2P', languages=['eng'])
2025-01-16 17:18:36,689 :: INFO :: started task SCIDOCS(name='SCIDOCS', languages=['eng'])
2025-01-16 17:18:51,040 :: INFO :: ended task SCIDOCS(name='SCIDOCS', languages=['eng'])
2025-01-16 17:18:51,040 :: INFO :: started task SciDocsReranking(name='SciDocsRR', languages=['eng'])
2025-01-16 17:51:09,885 :: INFO :: logger set up successfully
2025-01-16 17:51:09,888 :: INFO :: started task ArguAna(name='ArguAna', languages=['eng'])
2025-01-16 17:51:10,302 :: INFO :: ended task ArguAna(name='ArguAna', languages=['eng'])
2025-01-16 17:51:10,303 :: INFO :: started task ArxivClusteringP2P(name='ArxivClusteringP2P', languages=['eng'])
2025-01-16 17:51:10,727 :: INFO :: ended task ArxivClusteringP2P(name='ArxivClusteringP2P', languages=['eng'])
2025-01-16 17:51:10,727 :: INFO :: started task BiorxivClusteringP2P(name='BiorxivClusteringP2P', languages=['eng'])
2025-01-16 17:51:11,137 :: INFO :: ended task BiorxivClusteringP2P(name='BiorxivClusteringP2P', languages=['eng'])
2025-01-16 17:51:11,137 :: INFO :: started task MedrxivClusteringP2P(name='MedrxivClusteringP2P', languages=['eng'])
2025-01-16 17:51:11,546 :: INFO :: ended task MedrxivClusteringP2P(name='MedrxivClusteringP2P', languages=['eng'])
2025-01-16 17:51:11,546 :: INFO :: started task MindSmallReranking(name='MindSmallReranking', languages=['eng'])
2025-01-16 17:51:11,957 :: INFO :: ended task MindSmallReranking(name='MindSmallReranking', languages=['eng'])
2025-01-16 17:51:11,957 :: INFO :: started task RedditClusteringP2P(name='RedditClusteringP2P', languages=['eng'])
2025-01-16 17:51:12,365 :: INFO :: ended task RedditClusteringP2P(name='RedditClusteringP2P', languages=['eng'])
2025-01-16 17:51:12,365 :: INFO :: started task SCIDOCS(name='SCIDOCS', languages=['eng'])
2025-01-16 17:51:12,777 :: INFO :: ended task SCIDOCS(name='SCIDOCS', languages=['eng'])
2025-01-16 17:51:12,778 :: INFO :: started task SciDocsReranking(name='SciDocsRR', languages=['eng'])
2025-01-16 17:51:13,222 :: INFO :: ended task SciDocsReranking(name='SciDocsRR', languages=['eng'])
2025-01-16 17:51:13,222 :: INFO :: started task StackExchangeClusteringP2P(name='StackExchangeClusteringP2P', languages=['eng'])
2025-01-16 17:51:13,791 :: INFO :: ended task StackExchangeClusteringP2P(name='StackExchangeClusteringP2P', languages=['eng'])
2025-01-16 17:51:13,792 :: INFO :: started task STS15STS(name='STS15', languages=['eng'])
2025-01-16 17:51:14,374 :: INFO :: ended task STS15STS(name='STS15', languages=['eng'])
2025-01-16 17:51:14,374 :: INFO :: started task STS16STS(name='STS16', languages=['eng'])
2025-01-16 17:51:14,835 :: INFO :: ended task STS16STS(name='STS16', languages=['eng'])
2025-01-16 17:51:14,835 :: INFO :: started task STSBenchmarkSTS(name='STSBenchmark', languages=['eng'])
2025-01-16 17:51:15,248 :: INFO :: ended task STSBenchmarkSTS(name='STSBenchmark', languages=['eng'])
2025-01-16 17:51:15,248 :: INFO :: started task ArguAna(name='ArguAna', languages=['eng'])
2025-01-16 17:51:15,671 :: INFO :: ended task ArguAna(name='ArguAna', languages=['eng'])
2025-01-16 17:51:15,671 :: INFO :: started task ArxivClusteringP2P(name='ArxivClusteringP2P', languages=['eng'])
2025-01-16 17:51:16,087 :: INFO :: ended task ArxivClusteringP2P(name='ArxivClusteringP2P', languages=['eng'])
2025-01-16 17:51:16,087 :: INFO :: started task BiorxivClusteringP2P(name='BiorxivClusteringP2P', languages=['eng'])
2025-01-16 17:51:16,498 :: INFO :: ended task BiorxivClusteringP2P(name='BiorxivClusteringP2P', languages=['eng'])
2025-01-16 17:51:16,498 :: INFO :: started task MedrxivClusteringP2P(name='MedrxivClusteringP2P', languages=['eng'])
2025-01-16 17:51:16,910 :: INFO :: ended task MedrxivClusteringP2P(name='MedrxivClusteringP2P', languages=['eng'])
2025-01-16 17:51:16,910 :: INFO :: started task MindSmallReranking(name='MindSmallReranking', languages=['eng'])
2025-01-16 17:51:17,420 :: INFO :: ended task MindSmallReranking(name='MindSmallReranking', languages=['eng'])
2025-01-16 17:51:17,421 :: INFO :: started task RedditClusteringP2P(name='RedditClusteringP2P', languages=['eng'])
2025-01-16 17:51:17,900 :: INFO :: ended task RedditClusteringP2P(name='RedditClusteringP2P', languages=['eng'])
2025-01-16 17:51:17,900 :: INFO :: started task SCIDOCS(name='SCIDOCS', languages=['eng'])
2025-01-16 17:51:18,352 :: INFO :: ended task SCIDOCS(name='SCIDOCS', languages=['eng'])
2025-01-16 17:51:18,352 :: INFO :: started task SciDocsReranking(name='SciDocsRR', languages=['eng'])
2025-01-16 17:51:18,804 :: INFO :: ended task SciDocsReranking(name='SciDocsRR', languages=['eng'])
2025-01-16 17:51:18,804 :: INFO :: started task StackExchangeClusteringP2P(name='StackExchangeClusteringP2P', languages=['eng'])
2025-01-16 17:51:19,256 :: INFO :: ended task StackExchangeClusteringP2P(name='StackExchangeClusteringP2P', languages=['eng'])
2025-01-16 17:51:19,256 :: INFO :: started task STS15STS(name='STS15', languages=['eng'])
2025-01-16 17:51:19,712 :: INFO :: ended task STS15STS(name='STS15', languages=['eng'])
2025-01-16 17:51:19,712 :: INFO :: started task STS16STS(name='STS16', languages=['eng'])
2025-01-16 17:51:20,161 :: INFO :: ended task STS16STS(name='STS16', languages=['eng'])
2025-01-16 17:51:20,161 :: INFO :: started task STSBenchmarkSTS(name='STSBenchmark', languages=['eng'])
2025-01-16 17:51:20,570 :: INFO :: ended task STSBenchmarkSTS(name='STSBenchmark', languages=['eng'])
2025-01-16 17:51:20,570 :: INFO :: started task ArguAna(name='ArguAna', languages=['eng'])
2025-01-16 17:51:20,994 :: INFO :: ended task ArguAna(name='ArguAna', languages=['eng'])
2025-01-16 17:51:20,994 :: INFO :: started task ArxivClusteringP2P(name='ArxivClusteringP2P', languages=['eng'])
2025-01-16 17:51:21,419 :: INFO :: ended task ArxivClusteringP2P(name='ArxivClusteringP2P', languages=['eng'])
2025-01-16 17:51:21,419 :: INFO :: started task BiorxivClusteringP2P(name='BiorxivClusteringP2P', languages=['eng'])
2025-01-16 17:51:21,828 :: INFO :: ended task BiorxivClusteringP2P(name='BiorxivClusteringP2P', languages=['eng'])
2025-01-16 17:51:21,828 :: INFO :: started task MedrxivClusteringP2P(name='MedrxivClusteringP2P', languages=['eng'])
2025-01-16 17:51:22,238 :: INFO :: ended task MedrxivClusteringP2P(name='MedrxivClusteringP2P', languages=['eng'])
2025-01-16 17:51:22,238 :: INFO :: started task MindSmallReranking(name='MindSmallReranking', languages=['eng'])
2025-01-16 17:51:22,688 :: INFO :: ended task MindSmallReranking(name='MindSmallReranking', languages=['eng'])
2025-01-16 17:51:22,688 :: INFO :: started task RedditClusteringP2P(name='RedditClusteringP2P', languages=['eng'])
2025-01-16 17:51:23,116 :: INFO :: ended task RedditClusteringP2P(name='RedditClusteringP2P', languages=['eng'])
2025-01-16 17:51:23,116 :: INFO :: started task SCIDOCS(name='SCIDOCS', languages=['eng'])
2025-01-16 17:51:23,660 :: INFO :: ended task SCIDOCS(name='SCIDOCS', languages=['eng'])
2025-01-16 17:51:23,661 :: INFO :: started task SciDocsReranking(name='SciDocsRR', languages=['eng'])
2025-01-16 17:51:24,139 :: INFO :: ended task SciDocsReranking(name='SciDocsRR', languages=['eng'])
2025-01-16 17:51:24,139 :: INFO :: started task StackExchangeClusteringP2P(name='StackExchangeClusteringP2P', languages=['eng'])
2025-01-16 17:51:24,622 :: INFO :: ended task StackExchangeClusteringP2P(name='StackExchangeClusteringP2P', languages=['eng'])
2025-01-16 17:51:24,622 :: INFO :: started task STS15STS(name='STS15', languages=['eng'])
2025-01-16 17:51:25,024 :: INFO :: ended task STS15STS(name='STS15', languages=['eng'])
2025-01-16 17:51:25,024 :: INFO :: started task STS16STS(name='STS16', languages=['eng'])
2025-01-16 17:51:25,403 :: INFO :: ended task STS16STS(name='STS16', languages=['eng'])
2025-01-16 17:51:25,404 :: INFO :: started task STSBenchmarkSTS(name='STSBenchmark', languages=['eng'])
2025-01-16 17:51:26,069 :: INFO :: ended task STSBenchmarkSTS(name='STSBenchmark', languages=['eng'])
2025-01-16 17:51:26,069 :: INFO :: started task ArguAna(name='ArguAna', languages=['eng'])
2025-01-16 17:51:26,799 :: INFO :: ended task ArguAna(name='ArguAna', languages=['eng'])
2025-01-16 17:51:26,799 :: INFO :: started task ArxivClusteringP2P(name='ArxivClusteringP2P', languages=['eng'])
2025-01-16 17:51:27,383 :: INFO :: ended task ArxivClusteringP2P(name='ArxivClusteringP2P', languages=['eng'])
2025-01-16 17:51:27,384 :: INFO :: started task BiorxivClusteringP2P(name='BiorxivClusteringP2P', languages=['eng'])
2025-01-16 17:51:28,165 :: INFO :: ended task BiorxivClusteringP2P(name='BiorxivClusteringP2P', languages=['eng'])
2025-01-16 17:51:28,165 :: INFO :: started task MedrxivClusteringP2P(name='MedrxivClusteringP2P', languages=['eng'])
2025-01-16 17:51:28,567 :: INFO :: ended task MedrxivClusteringP2P(name='MedrxivClusteringP2P', languages=['eng'])
2025-01-16 17:51:28,567 :: INFO :: started task MindSmallReranking(name='MindSmallReranking', languages=['eng'])
2025-01-16 17:51:29,304 :: INFO :: ended task MindSmallReranking(name='MindSmallReranking', languages=['eng'])
2025-01-16 17:51:29,304 :: INFO :: started task RedditClusteringP2P(name='RedditClusteringP2P', languages=['eng'])
2025-01-16 17:51:29,845 :: INFO :: ended task RedditClusteringP2P(name='RedditClusteringP2P', languages=['eng'])
2025-01-16 17:51:29,845 :: INFO :: started task SCIDOCS(name='SCIDOCS', languages=['eng'])
2025-01-16 17:51:30,297 :: INFO :: ended task SCIDOCS(name='SCIDOCS', languages=['eng'])
2025-01-16 17:51:30,297 :: INFO :: started task SciDocsReranking(name='SciDocsRR', languages=['eng'])
2025-01-16 17:51:30,684 :: INFO :: ended task SciDocsReranking(name='SciDocsRR', languages=['eng'])
2025-01-16 17:51:30,684 :: INFO :: started task StackExchangeClusteringP2P(name='StackExchangeClusteringP2P', languages=['eng'])
2025-01-16 17:51:31,088 :: INFO :: ended task StackExchangeClusteringP2P(name='StackExchangeClusteringP2P', languages=['eng'])
2025-01-16 17:51:31,088 :: INFO :: started task STS15STS(name='STS15', languages=['eng'])
2025-01-16 17:51:31,506 :: INFO :: ended task STS15STS(name='STS15', languages=['eng'])
2025-01-16 17:51:31,506 :: INFO :: started task STS16STS(name='STS16', languages=['eng'])
2025-01-16 17:51:31,875 :: INFO :: ended task STS16STS(name='STS16', languages=['eng'])
2025-01-16 17:51:31,876 :: INFO :: started task STSBenchmarkSTS(name='STSBenchmark', languages=['eng'])
2025-01-16 17:51:32,267 :: INFO :: ended task STSBenchmarkSTS(name='STSBenchmark', languages=['eng'])
2025-01-16 17:51:32,267 :: INFO :: started task ArguAna(name='ArguAna', languages=['eng'])
2025-01-16 17:51:32,667 :: INFO :: ended task ArguAna(name='ArguAna', languages=['eng'])
2025-01-16 17:51:32,667 :: INFO :: started task ArxivClusteringP2P(name='ArxivClusteringP2P', languages=['eng'])
2025-01-16 17:51:33,051 :: INFO :: ended task ArxivClusteringP2P(name='ArxivClusteringP2P', languages=['eng'])
2025-01-16 17:51:33,051 :: INFO :: started task BiorxivClusteringP2P(name='BiorxivClusteringP2P', languages=['eng'])
2025-01-16 17:51:33,452 :: INFO :: ended task BiorxivClusteringP2P(name='BiorxivClusteringP2P', languages=['eng'])
2025-01-16 17:51:33,452 :: INFO :: started task MedrxivClusteringP2P(name='MedrxivClusteringP2P', languages=['eng'])
2025-01-16 17:51:33,817 :: INFO :: ended task MedrxivClusteringP2P(name='MedrxivClusteringP2P', languages=['eng'])
2025-01-16 17:51:33,817 :: INFO :: started task MindSmallReranking(name='MindSmallReranking', languages=['eng'])
2025-01-16 17:51:34,188 :: INFO :: ended task MindSmallReranking(name='MindSmallReranking', languages=['eng'])
2025-01-16 17:51:34,188 :: INFO :: started task RedditClusteringP2P(name='RedditClusteringP2P', languages=['eng'])
2025-01-16 17:51:34,551 :: INFO :: ended task RedditClusteringP2P(name='RedditClusteringP2P', languages=['eng'])
2025-01-16 17:51:34,552 :: INFO :: started task SCIDOCS(name='SCIDOCS', languages=['eng'])
2025-01-16 17:51:34,942 :: INFO :: ended task SCIDOCS(name='SCIDOCS', languages=['eng'])
2025-01-16 17:51:34,942 :: INFO :: started task SciDocsReranking(name='SciDocsRR', languages=['eng'])
2025-01-16 17:51:35,318 :: INFO :: ended task SciDocsReranking(name='SciDocsRR', languages=['eng'])
2025-01-16 17:51:35,318 :: INFO :: started task StackExchangeClusteringP2P(name='StackExchangeClusteringP2P', languages=['eng'])
2025-01-16 17:51:35,680 :: INFO :: ended task StackExchangeClusteringP2P(name='StackExchangeClusteringP2P', languages=['eng'])
2025-01-16 17:51:35,680 :: INFO :: started task STS15STS(name='STS15', languages=['eng'])
2025-01-16 17:51:36,078 :: INFO :: ended task STS15STS(name='STS15', languages=['eng'])
2025-01-16 17:51:36,078 :: INFO :: started task STS16STS(name='STS16', languages=['eng'])
2025-01-16 17:51:36,448 :: INFO :: ended task STS16STS(name='STS16', languages=['eng'])
2025-01-16 17:51:36,448 :: INFO :: started task STSBenchmarkSTS(name='STSBenchmark', languages=['eng'])
2025-01-16 17:51:36,811 :: INFO :: ended task STSBenchmarkSTS(name='STSBenchmark', languages=['eng'])
2025-01-16 17:51:36,811 :: INFO :: started task ArguAna(name='ArguAna', languages=['eng'])
2025-01-16 17:51:37,183 :: INFO :: ended task ArguAna(name='ArguAna', languages=['eng'])
2025-01-16 17:51:37,183 :: INFO :: started task ArxivClusteringP2P(name='ArxivClusteringP2P', languages=['eng'])
2025-01-16 17:51:37,547 :: INFO :: ended task ArxivClusteringP2P(name='ArxivClusteringP2P', languages=['eng'])
2025-01-16 17:51:37,547 :: INFO :: started task BiorxivClusteringP2P(name='BiorxivClusteringP2P', languages=['eng'])
2025-01-16 17:51:37,911 :: INFO :: ended task BiorxivClusteringP2P(name='BiorxivClusteringP2P', languages=['eng'])
2025-01-16 17:51:37,911 :: INFO :: started task MedrxivClusteringP2P(name='MedrxivClusteringP2P', languages=['eng'])
2025-01-16 17:51:38,275 :: INFO :: ended task MedrxivClusteringP2P(name='MedrxivClusteringP2P', languages=['eng'])
2025-01-16 17:51:38,275 :: INFO :: started task MindSmallReranking(name='MindSmallReranking', languages=['eng'])
2025-01-16 17:51:38,648 :: INFO :: ended task MindSmallReranking(name='MindSmallReranking', languages=['eng'])
2025-01-16 17:51:38,648 :: INFO :: started task RedditClusteringP2P(name='RedditClusteringP2P', languages=['eng'])
2025-01-16 17:51:39,055 :: INFO :: ended task RedditClusteringP2P(name='RedditClusteringP2P', languages=['eng'])
2025-01-16 17:51:39,055 :: INFO :: started task SCIDOCS(name='SCIDOCS', languages=['eng'])
2025-01-16 17:51:39,419 :: INFO :: ended task SCIDOCS(name='SCIDOCS', languages=['eng'])
2025-01-16 17:51:39,419 :: INFO :: started task SciDocsReranking(name='SciDocsRR', languages=['eng'])
2025-01-16 17:51:39,782 :: INFO :: ended task SciDocsReranking(name='SciDocsRR', languages=['eng'])
2025-01-16 17:51:39,782 :: INFO :: started task StackExchangeClusteringP2P(name='StackExchangeClusteringP2P', languages=['eng'])
2025-01-16 17:51:40,150 :: INFO :: ended task StackExchangeClusteringP2P(name='StackExchangeClusteringP2P', languages=['eng'])
2025-01-16 17:51:40,150 :: INFO :: started task STS15STS(name='STS15', languages=['eng'])
2025-01-16 17:51:40,560 :: INFO :: ended task STS15STS(name='STS15', languages=['eng'])
2025-01-16 17:51:40,560 :: INFO :: started task STS16STS(name='STS16', languages=['eng'])
2025-01-16 17:51:40,926 :: INFO :: ended task STS16STS(name='STS16', languages=['eng'])
2025-01-16 17:51:40,926 :: INFO :: started task STSBenchmarkSTS(name='STSBenchmark', languages=['eng'])
2025-01-16 17:51:41,290 :: INFO :: ended task STSBenchmarkSTS(name='STSBenchmark', languages=['eng'])
2025-01-16 17:51:41,290 :: INFO :: started task ArguAna(name='ArguAna', languages=['eng'])
2025-01-16 17:51:41,653 :: INFO :: ended task ArguAna(name='ArguAna', languages=['eng'])
2025-01-16 17:51:41,653 :: INFO :: started task ArxivClusteringP2P(name='ArxivClusteringP2P', languages=['eng'])
2025-01-16 17:51:42,034 :: INFO :: ended task ArxivClusteringP2P(name='ArxivClusteringP2P', languages=['eng'])
2025-01-16 17:51:42,034 :: INFO :: started task BiorxivClusteringP2P(name='BiorxivClusteringP2P', languages=['eng'])
2025-01-16 17:51:42,404 :: INFO :: ended task BiorxivClusteringP2P(name='BiorxivClusteringP2P', languages=['eng'])
2025-01-16 17:51:42,404 :: INFO :: started task MedrxivClusteringP2P(name='MedrxivClusteringP2P', languages=['eng'])
2025-01-16 17:51:42,767 :: INFO :: ended task MedrxivClusteringP2P(name='MedrxivClusteringP2P', languages=['eng'])
2025-01-16 17:51:42,767 :: INFO :: started task MindSmallReranking(name='MindSmallReranking', languages=['eng'])
2025-01-16 17:51:43,131 :: INFO :: ended task MindSmallReranking(name='MindSmallReranking', languages=['eng'])
2025-01-16 17:51:43,131 :: INFO :: started task RedditClusteringP2P(name='RedditClusteringP2P', languages=['eng'])
2025-01-16 17:51:43,494 :: INFO :: ended task RedditClusteringP2P(name='RedditClusteringP2P', languages=['eng'])
2025-01-16 17:51:43,494 :: INFO :: started task SCIDOCS(name='SCIDOCS', languages=['eng'])
2025-01-16 17:51:43,857 :: INFO :: ended task SCIDOCS(name='SCIDOCS', languages=['eng'])
2025-01-16 17:51:43,857 :: INFO :: started task SciDocsReranking(name='SciDocsRR', languages=['eng'])
2025-01-16 17:51:44,236 :: INFO :: ended task SciDocsReranking(name='SciDocsRR', languages=['eng'])
2025-01-16 17:51:44,236 :: INFO :: started task StackExchangeClusteringP2P(name='StackExchangeClusteringP2P', languages=['eng'])
2025-01-16 17:51:44,608 :: INFO :: ended task StackExchangeClusteringP2P(name='StackExchangeClusteringP2P', languages=['eng'])
2025-01-16 17:51:44,608 :: INFO :: started task STS15STS(name='STS15', languages=['eng'])
2025-01-16 17:51:44,997 :: INFO :: ended task STS15STS(name='STS15', languages=['eng'])
2025-01-16 17:51:44,997 :: INFO :: started task STS16STS(name='STS16', languages=['eng'])
2025-01-16 17:51:45,668 :: INFO :: ended task STS16STS(name='STS16', languages=['eng'])
2025-01-16 17:51:45,668 :: INFO :: started task STSBenchmarkSTS(name='STSBenchmark', languages=['eng'])
2025-01-16 17:51:46,297 :: INFO :: ended task STSBenchmarkSTS(name='STSBenchmark', languages=['eng'])
2025-01-16 17:51:46,297 :: INFO :: started task ArguAna(name='ArguAna', languages=['eng'])
2025-01-16 17:51:46,924 :: INFO :: ended task ArguAna(name='ArguAna', languages=['eng'])
2025-01-16 17:51:46,925 :: INFO :: started task ArxivClusteringP2P(name='ArxivClusteringP2P', languages=['eng'])
2025-01-16 17:51:47,587 :: INFO :: ended task ArxivClusteringP2P(name='ArxivClusteringP2P', languages=['eng'])
2025-01-16 17:51:47,587 :: INFO :: started task BiorxivClusteringP2P(name='BiorxivClusteringP2P', languages=['eng'])
2025-01-16 17:51:48,220 :: INFO :: ended task BiorxivClusteringP2P(name='BiorxivClusteringP2P', languages=['eng'])
2025-01-16 17:51:48,220 :: INFO :: started task MedrxivClusteringP2P(name='MedrxivClusteringP2P', languages=['eng'])
2025-01-16 17:51:48,847 :: INFO :: ended task MedrxivClusteringP2P(name='MedrxivClusteringP2P', languages=['eng'])
2025-01-16 17:51:48,847 :: INFO :: started task MindSmallReranking(name='MindSmallReranking', languages=['eng'])
2025-01-16 17:51:49,476 :: INFO :: ended task MindSmallReranking(name='MindSmallReranking', languages=['eng'])
2025-01-16 17:51:49,476 :: INFO :: started task RedditClusteringP2P(name='RedditClusteringP2P', languages=['eng'])
2025-01-16 17:51:50,108 :: INFO :: ended task RedditClusteringP2P(name='RedditClusteringP2P', languages=['eng'])
2025-01-16 17:51:50,108 :: INFO :: started task SCIDOCS(name='SCIDOCS', languages=['eng'])
2025-01-16 17:51:50,746 :: INFO :: ended task SCIDOCS(name='SCIDOCS', languages=['eng'])
2025-01-16 17:51:50,746 :: INFO :: started task SciDocsReranking(name='SciDocsRR', languages=['eng'])
2025-01-16 17:51:51,375 :: INFO :: ended task SciDocsReranking(name='SciDocsRR', languages=['eng'])
2025-01-16 17:51:51,375 :: INFO :: started task StackExchangeClusteringP2P(name='StackExchangeClusteringP2P', languages=['eng'])
2025-01-16 17:51:52,004 :: INFO :: ended task StackExchangeClusteringP2P(name='StackExchangeClusteringP2P', languages=['eng'])
2025-01-16 17:51:52,004 :: INFO :: started task STS15STS(name='STS15', languages=['eng'])
2025-01-16 17:51:52,556 :: INFO :: ended task STS15STS(name='STS15', languages=['eng'])
2025-01-16 17:51:52,556 :: INFO :: started task STS16STS(name='STS16', languages=['eng'])
2025-01-16 17:51:53,195 :: INFO :: ended task STS16STS(name='STS16', languages=['eng'])
2025-01-16 17:51:53,196 :: INFO :: started task STSBenchmarkSTS(name='STSBenchmark', languages=['eng'])
2025-01-16 17:51:53,847 :: INFO :: ended task STSBenchmarkSTS(name='STSBenchmark', languages=['eng'])
2025-01-16 17:51:53,848 :: INFO :: started task ArguAna(name='ArguAna', languages=['eng'])
2025-01-16 17:51:54,405 :: INFO :: ended task ArguAna(name='ArguAna', languages=['eng'])
2025-01-16 17:51:54,405 :: INFO :: started task ArxivClusteringP2P(name='ArxivClusteringP2P', languages=['eng'])
2025-01-16 17:51:54,963 :: INFO :: ended task ArxivClusteringP2P(name='ArxivClusteringP2P', languages=['eng'])
2025-01-16 17:51:54,964 :: INFO :: started task BiorxivClusteringP2P(name='BiorxivClusteringP2P', languages=['eng'])
2025-01-16 17:51:55,592 :: INFO :: ended task BiorxivClusteringP2P(name='BiorxivClusteringP2P', languages=['eng'])
2025-01-16 17:51:55,592 :: INFO :: started task MedrxivClusteringP2P(name='MedrxivClusteringP2P', languages=['eng'])
2025-01-16 17:51:56,282 :: INFO :: ended task MedrxivClusteringP2P(name='MedrxivClusteringP2P', languages=['eng'])
2025-01-16 17:51:56,282 :: INFO :: started task MindSmallReranking(name='MindSmallReranking', languages=['eng'])
2025-01-16 17:51:56,792 :: INFO :: ended task MindSmallReranking(name='MindSmallReranking', languages=['eng'])
2025-01-16 17:51:56,792 :: INFO :: started task RedditClusteringP2P(name='RedditClusteringP2P', languages=['eng'])
2025-01-16 17:51:57,209 :: INFO :: ended task RedditClusteringP2P(name='RedditClusteringP2P', languages=['eng'])
2025-01-16 17:51:57,209 :: INFO :: started task SCIDOCS(name='SCIDOCS', languages=['eng'])
2025-01-16 17:51:57,627 :: INFO :: ended task SCIDOCS(name='SCIDOCS', languages=['eng'])
2025-01-16 17:51:57,627 :: INFO :: started task SciDocsReranking(name='SciDocsRR', languages=['eng'])
2025-01-16 17:51:58,045 :: INFO :: ended task SciDocsReranking(name='SciDocsRR', languages=['eng'])
2025-01-16 17:51:58,045 :: INFO :: started task StackExchangeClusteringP2P(name='StackExchangeClusteringP2P', languages=['eng'])
2025-01-16 17:51:58,462 :: INFO :: ended task StackExchangeClusteringP2P(name='StackExchangeClusteringP2P', languages=['eng'])
2025-01-16 17:51:58,462 :: INFO :: started task STS15STS(name='STS15', languages=['eng'])
2025-01-16 17:51:58,880 :: INFO :: ended task STS15STS(name='STS15', languages=['eng'])
2025-01-16 17:51:58,880 :: INFO :: started task STS16STS(name='STS16', languages=['eng'])
2025-01-16 17:51:59,320 :: INFO :: ended task STS16STS(name='STS16', languages=['eng'])
2025-01-16 17:51:59,320 :: INFO :: started task STSBenchmarkSTS(name='STSBenchmark', languages=['eng'])
2025-01-16 17:51:59,720 :: INFO :: ended task STSBenchmarkSTS(name='STSBenchmark', languages=['eng'])
2025-01-16 17:51:59,720 :: INFO :: started task ArguAna(name='ArguAna', languages=['eng'])
2025-01-16 17:52:00,108 :: INFO :: ended task ArguAna(name='ArguAna', languages=['eng'])
2025-01-16 17:52:00,108 :: INFO :: started task ArxivClusteringP2P(name='ArxivClusteringP2P', languages=['eng'])
2025-01-16 17:52:00,495 :: INFO :: ended task ArxivClusteringP2P(name='ArxivClusteringP2P', languages=['eng'])
2025-01-16 17:52:00,496 :: INFO :: started task BiorxivClusteringP2P(name='BiorxivClusteringP2P', languages=['eng'])
2025-01-16 17:52:00,882 :: INFO :: ended task BiorxivClusteringP2P(name='BiorxivClusteringP2P', languages=['eng'])
2025-01-16 17:52:00,882 :: INFO :: started task MedrxivClusteringP2P(name='MedrxivClusteringP2P', languages=['eng'])
2025-01-16 17:52:01,269 :: INFO :: ended task MedrxivClusteringP2P(name='MedrxivClusteringP2P', languages=['eng'])
2025-01-16 17:52:01,269 :: INFO :: started task MindSmallReranking(name='MindSmallReranking', languages=['eng'])
2025-01-16 17:52:01,655 :: INFO :: ended task MindSmallReranking(name='MindSmallReranking', languages=['eng'])
2025-01-16 17:52:01,655 :: INFO :: started task RedditClusteringP2P(name='RedditClusteringP2P', languages=['eng'])
2025-01-16 17:52:02,041 :: INFO :: ended task RedditClusteringP2P(name='RedditClusteringP2P', languages=['eng'])
2025-01-16 17:52:02,041 :: INFO :: started task SCIDOCS(name='SCIDOCS', languages=['eng'])
2025-01-16 17:52:02,427 :: INFO :: ended task SCIDOCS(name='SCIDOCS', languages=['eng'])
2025-01-16 17:52:02,427 :: INFO :: started task SciDocsReranking(name='SciDocsRR', languages=['eng'])
2025-01-16 17:52:02,813 :: INFO :: ended task SciDocsReranking(name='SciDocsRR', languages=['eng'])
2025-01-16 17:52:02,813 :: INFO :: started task StackExchangeClusteringP2P(name='StackExchangeClusteringP2P', languages=['eng'])
2025-01-16 17:52:03,217 :: INFO :: ended task StackExchangeClusteringP2P(name='StackExchangeClusteringP2P', languages=['eng'])
2025-01-16 17:52:03,217 :: INFO :: started task STS15STS(name='STS15', languages=['eng'])
2025-01-16 17:52:03,698 :: INFO :: ended task STS15STS(name='STS15', languages=['eng'])
2025-01-16 17:52:03,698 :: INFO :: started task STS16STS(name='STS16', languages=['eng'])
2025-01-16 17:52:04,059 :: INFO :: ended task STS16STS(name='STS16', languages=['eng'])
2025-01-16 17:52:04,059 :: INFO :: started task STSBenchmarkSTS(name='STSBenchmark', languages=['eng'])
2025-01-16 17:52:04,419 :: INFO :: ended task STSBenchmarkSTS(name='STSBenchmark', languages=['eng'])
2025-01-16 17:52:04,419 :: INFO :: started task ArguAna(name='ArguAna', languages=['eng'])
2025-01-16 17:52:04,780 :: INFO :: ended task ArguAna(name='ArguAna', languages=['eng'])
2025-01-16 17:52:04,780 :: INFO :: started task ArxivClusteringP2P(name='ArxivClusteringP2P', languages=['eng'])
2025-01-16 17:52:05,140 :: INFO :: ended task ArxivClusteringP2P(name='ArxivClusteringP2P', languages=['eng'])
2025-01-16 17:52:05,140 :: INFO :: started task BiorxivClusteringP2P(name='BiorxivClusteringP2P', languages=['eng'])
2025-01-16 17:52:05,541 :: INFO :: ended task BiorxivClusteringP2P(name='BiorxivClusteringP2P', languages=['eng'])
2025-01-16 17:52:05,541 :: INFO :: started task MedrxivClusteringP2P(name='MedrxivClusteringP2P', languages=['eng'])
2025-01-16 17:52:05,901 :: INFO :: ended task MedrxivClusteringP2P(name='MedrxivClusteringP2P', languages=['eng'])
2025-01-16 17:52:05,901 :: INFO :: started task MindSmallReranking(name='MindSmallReranking', languages=['eng'])
2025-01-16 17:52:06,261 :: INFO :: ended task MindSmallReranking(name='MindSmallReranking', languages=['eng'])
2025-01-16 17:52:06,261 :: INFO :: started task RedditClusteringP2P(name='RedditClusteringP2P', languages=['eng'])
2025-01-16 17:52:06,621 :: INFO :: ended task RedditClusteringP2P(name='RedditClusteringP2P', languages=['eng'])
2025-01-16 17:52:06,621 :: INFO :: started task SCIDOCS(name='SCIDOCS', languages=['eng'])
2025-01-16 17:52:06,982 :: INFO :: ended task SCIDOCS(name='SCIDOCS', languages=['eng'])
2025-01-16 17:52:06,982 :: INFO :: started task SciDocsReranking(name='SciDocsRR', languages=['eng'])
2025-01-16 17:52:07,343 :: INFO :: ended task SciDocsReranking(name='SciDocsRR', languages=['eng'])
2025-01-16 17:52:07,344 :: INFO :: started task StackExchangeClusteringP2P(name='StackExchangeClusteringP2P', languages=['eng'])
2025-01-16 17:52:07,711 :: INFO :: ended task StackExchangeClusteringP2P(name='StackExchangeClusteringP2P', languages=['eng'])
2025-01-16 17:52:07,712 :: INFO :: started task STS15STS(name='STS15', languages=['eng'])
2025-01-16 17:52:08,072 :: INFO :: ended task STS15STS(name='STS15', languages=['eng'])
2025-01-16 17:52:08,072 :: INFO :: started task STS16STS(name='STS16', languages=['eng'])
2025-01-16 17:52:08,432 :: INFO :: ended task STS16STS(name='STS16', languages=['eng'])
2025-01-16 17:52:08,432 :: INFO :: started task STSBenchmarkSTS(name='STSBenchmark', languages=['eng'])
2025-01-16 17:52:08,792 :: INFO :: ended task STSBenchmarkSTS(name='STSBenchmark', languages=['eng'])
2025-01-16 17:52:08,792 :: INFO :: started task ArguAna(name='ArguAna', languages=['eng'])
2025-01-16 17:52:09,152 :: INFO :: ended task ArguAna(name='ArguAna', languages=['eng'])
2025-01-16 17:52:09,152 :: INFO :: started task ArxivClusteringP2P(name='ArxivClusteringP2P', languages=['eng'])
2025-01-16 17:52:09,513 :: INFO :: ended task ArxivClusteringP2P(name='ArxivClusteringP2P', languages=['eng'])
2025-01-16 17:52:09,513 :: INFO :: started task BiorxivClusteringP2P(name='BiorxivClusteringP2P', languages=['eng'])
2025-01-16 17:52:09,878 :: INFO :: ended task BiorxivClusteringP2P(name='BiorxivClusteringP2P', languages=['eng'])
2025-01-16 17:52:09,878 :: INFO :: started task MedrxivClusteringP2P(name='MedrxivClusteringP2P', languages=['eng'])
2025-01-16 17:52:10,258 :: INFO :: ended task MedrxivClusteringP2P(name='MedrxivClusteringP2P', languages=['eng'])
2025-01-16 17:52:10,258 :: INFO :: started task MindSmallReranking(name='MindSmallReranking', languages=['eng'])
2025-01-16 17:52:10,618 :: INFO :: ended task MindSmallReranking(name='MindSmallReranking', languages=['eng'])
2025-01-16 17:52:10,618 :: INFO :: started task RedditClusteringP2P(name='RedditClusteringP2P', languages=['eng'])
2025-01-16 17:52:10,978 :: INFO :: ended task RedditClusteringP2P(name='RedditClusteringP2P', languages=['eng'])
2025-01-16 17:52:10,978 :: INFO :: started task SCIDOCS(name='SCIDOCS', languages=['eng'])
2025-01-16 17:52:11,339 :: INFO :: ended task SCIDOCS(name='SCIDOCS', languages=['eng'])
2025-01-16 17:52:11,339 :: INFO :: started task SciDocsReranking(name='SciDocsRR', languages=['eng'])
2025-01-16 17:52:11,699 :: INFO :: ended task SciDocsReranking(name='SciDocsRR', languages=['eng'])
2025-01-16 17:52:11,699 :: INFO :: started task StackExchangeClusteringP2P(name='StackExchangeClusteringP2P', languages=['eng'])
2025-01-16 17:52:12,059 :: INFO :: ended task StackExchangeClusteringP2P(name='StackExchangeClusteringP2P', languages=['eng'])
2025-01-16 17:52:12,059 :: INFO :: started task STS15STS(name='STS15', languages=['eng'])
2025-01-16 17:52:12,447 :: INFO :: ended task STS15STS(name='STS15', languages=['eng'])
2025-01-16 17:52:12,447 :: INFO :: started task STS16STS(name='STS16', languages=['eng'])
2025-01-16 17:52:12,820 :: INFO :: ended task STS16STS(name='STS16', languages=['eng'])
2025-01-16 17:52:12,820 :: INFO :: started task STSBenchmarkSTS(name='STSBenchmark', languages=['eng'])
2025-01-16 17:52:13,180 :: INFO :: ended task STSBenchmarkSTS(name='STSBenchmark', languages=['eng'])
2025-01-16 17:52:13,180 :: INFO :: started task ArguAna(name='ArguAna', languages=['eng'])
2025-01-16 17:52:13,541 :: INFO :: ended task ArguAna(name='ArguAna', languages=['eng'])
2025-01-16 17:52:13,541 :: INFO :: started task ArxivClusteringP2P(name='ArxivClusteringP2P', languages=['eng'])
2025-01-16 17:52:13,901 :: INFO :: ended task ArxivClusteringP2P(name='ArxivClusteringP2P', languages=['eng'])
2025-01-16 17:52:13,901 :: INFO :: started task BiorxivClusteringP2P(name='BiorxivClusteringP2P', languages=['eng'])
2025-01-16 17:52:14,263 :: INFO :: ended task BiorxivClusteringP2P(name='BiorxivClusteringP2P', languages=['eng'])
2025-01-16 17:52:14,263 :: INFO :: started task MedrxivClusteringP2P(name='MedrxivClusteringP2P', languages=['eng'])
2025-01-16 17:52:14,623 :: INFO :: ended task MedrxivClusteringP2P(name='MedrxivClusteringP2P', languages=['eng'])
2025-01-16 17:52:14,623 :: INFO :: started task MindSmallReranking(name='MindSmallReranking', languages=['eng'])
2025-01-16 17:52:14,991 :: INFO :: ended task MindSmallReranking(name='MindSmallReranking', languages=['eng'])
2025-01-16 17:52:14,991 :: INFO :: started task RedditClusteringP2P(name='RedditClusteringP2P', languages=['eng'])
2025-01-16 17:52:15,354 :: INFO :: ended task RedditClusteringP2P(name='RedditClusteringP2P', languages=['eng'])
2025-01-16 17:52:15,354 :: INFO :: started task SCIDOCS(name='SCIDOCS', languages=['eng'])
2025-01-16 17:52:15,714 :: INFO :: ended task SCIDOCS(name='SCIDOCS', languages=['eng'])
2025-01-16 17:52:15,715 :: INFO :: started task SciDocsReranking(name='SciDocsRR', languages=['eng'])
2025-01-16 17:52:16,075 :: INFO :: ended task SciDocsReranking(name='SciDocsRR', languages=['eng'])
2025-01-16 17:52:16,075 :: INFO :: started task StackExchangeClusteringP2P(name='StackExchangeClusteringP2P', languages=['eng'])
2025-01-16 17:52:16,435 :: INFO :: ended task StackExchangeClusteringP2P(name='StackExchangeClusteringP2P', languages=['eng'])
2025-01-16 17:52:16,436 :: INFO :: started task STS15STS(name='STS15', languages=['eng'])
2025-01-16 17:52:16,796 :: INFO :: ended task STS15STS(name='STS15', languages=['eng'])
2025-01-16 17:52:16,796 :: INFO :: started task STS16STS(name='STS16', languages=['eng'])
2025-01-16 17:52:17,156 :: INFO :: ended task STS16STS(name='STS16', languages=['eng'])
2025-01-16 17:52:17,157 :: INFO :: started task STSBenchmarkSTS(name='STSBenchmark', languages=['eng'])
2025-01-16 17:52:17,516 :: INFO :: ended task STSBenchmarkSTS(name='STSBenchmark', languages=['eng'])
2025-01-16 17:52:17,517 :: INFO :: started task ArguAna(name='ArguAna', languages=['eng'])
2025-01-16 17:52:17,877 :: INFO :: ended task ArguAna(name='ArguAna', languages=['eng'])
2025-01-16 17:52:17,877 :: INFO :: started task ArxivClusteringP2P(name='ArxivClusteringP2P', languages=['eng'])
2025-01-16 17:52:18,238 :: INFO :: ended task ArxivClusteringP2P(name='ArxivClusteringP2P', languages=['eng'])
2025-01-16 17:52:18,238 :: INFO :: started task BiorxivClusteringP2P(name='BiorxivClusteringP2P', languages=['eng'])
2025-01-16 17:52:18,598 :: INFO :: ended task BiorxivClusteringP2P(name='BiorxivClusteringP2P', languages=['eng'])
2025-01-16 17:52:18,598 :: INFO :: started task MedrxivClusteringP2P(name='MedrxivClusteringP2P', languages=['eng'])
2025-01-16 17:52:18,983 :: INFO :: ended task MedrxivClusteringP2P(name='MedrxivClusteringP2P', languages=['eng'])
2025-01-16 17:52:18,983 :: INFO :: started task MindSmallReranking(name='MindSmallReranking', languages=['eng'])
2025-01-16 17:52:19,344 :: INFO :: ended task MindSmallReranking(name='MindSmallReranking', languages=['eng'])
2025-01-16 17:52:19,344 :: INFO :: started task RedditClusteringP2P(name='RedditClusteringP2P', languages=['eng'])
2025-01-16 17:52:19,704 :: INFO :: ended task RedditClusteringP2P(name='RedditClusteringP2P', languages=['eng'])
2025-01-16 17:52:19,704 :: INFO :: started task SCIDOCS(name='SCIDOCS', languages=['eng'])
2025-01-16 17:52:20,065 :: INFO :: ended task SCIDOCS(name='SCIDOCS', languages=['eng'])
2025-01-16 17:52:20,065 :: INFO :: started task SciDocsReranking(name='SciDocsRR', languages=['eng'])
2025-01-16 17:52:20,425 :: INFO :: ended task SciDocsReranking(name='SciDocsRR', languages=['eng'])
2025-01-16 17:52:20,425 :: INFO :: started task StackExchangeClusteringP2P(name='StackExchangeClusteringP2P', languages=['eng'])
2025-01-16 17:53:08,535 :: INFO :: ended task StackExchangeClusteringP2P(name='StackExchangeClusteringP2P', languages=['eng'])
2025-01-16 17:53:08,535 :: INFO :: started task STS15STS(name='STS15', languages=['eng'])
2025-01-16 17:53:14,506 :: INFO :: ended task STS15STS(name='STS15', languages=['eng'])
2025-01-16 17:53:14,506 :: INFO :: started task STS16STS(name='STS16', languages=['eng'])
2025-01-16 17:53:19,653 :: INFO :: ended task STS16STS(name='STS16', languages=['eng'])
2025-01-16 17:53:19,653 :: INFO :: started task STSBenchmarkSTS(name='STSBenchmark', languages=['eng'])
2025-01-16 17:53:25,799 :: INFO :: ended task STSBenchmarkSTS(name='STSBenchmark', languages=['eng'])
2025-01-16 17:53:25,799 :: INFO :: started task ArguAna(name='ArguAna', languages=['eng'])
2025-01-16 17:53:40,015 :: INFO :: ended task ArguAna(name='ArguAna', languages=['eng'])
2025-01-16 17:53:40,015 :: INFO :: started task ArxivClusteringP2P(name='ArxivClusteringP2P', languages=['eng'])
2025-01-16 17:58:18,229 :: INFO :: ended task ArxivClusteringP2P(name='ArxivClusteringP2P', languages=['eng'])
2025-01-16 17:58:18,229 :: INFO :: started task BiorxivClusteringP2P(name='BiorxivClusteringP2P', languages=['eng'])
2025-01-16 17:59:09,353 :: INFO :: ended task BiorxivClusteringP2P(name='BiorxivClusteringP2P', languages=['eng'])
2025-01-16 17:59:09,354 :: INFO :: started task MedrxivClusteringP2P(name='MedrxivClusteringP2P', languages=['eng'])
2025-01-16 17:59:42,638 :: INFO :: ended task MedrxivClusteringP2P(name='MedrxivClusteringP2P', languages=['eng'])
2025-01-16 17:59:42,638 :: INFO :: started task MindSmallReranking(name='MindSmallReranking', languages=['eng'])
2025-01-16 18:02:49,388 :: INFO :: ended task MindSmallReranking(name='MindSmallReranking', languages=['eng'])
2025-01-16 18:02:49,389 :: INFO :: started task RedditClusteringP2P(name='RedditClusteringP2P', languages=['eng'])
2025-01-16 18:05:27,119 :: INFO :: ended task RedditClusteringP2P(name='RedditClusteringP2P', languages=['eng'])
2025-01-16 18:05:27,119 :: INFO :: started task SCIDOCS(name='SCIDOCS', languages=['eng'])
2025-01-16 18:05:49,583 :: INFO :: ended task SCIDOCS(name='SCIDOCS', languages=['eng'])
2025-01-16 18:05:49,583 :: INFO :: started task SciDocsReranking(name='SciDocsRR', languages=['eng'])
2025-01-16 18:05:49,970 :: INFO :: ended task SciDocsReranking(name='SciDocsRR', languages=['eng'])
2025-01-16 18:05:49,970 :: INFO :: started task StackExchangeClusteringP2P(name='StackExchangeClusteringP2P', languages=['eng'])
2025-01-16 18:06:30,468 :: INFO :: ended task StackExchangeClusteringP2P(name='StackExchangeClusteringP2P', languages=['eng'])
2025-01-16 18:06:30,468 :: INFO :: started task STS15STS(name='STS15', languages=['eng'])
2025-01-16 18:06:31,179 :: INFO :: ended task STS15STS(name='STS15', languages=['eng'])
2025-01-16 18:06:31,179 :: INFO :: started task STS16STS(name='STS16', languages=['eng'])
2025-01-16 18:06:31,662 :: INFO :: ended task STS16STS(name='STS16', languages=['eng'])
2025-01-16 18:06:31,662 :: INFO :: started task STSBenchmarkSTS(name='STSBenchmark', languages=['eng'])
2025-01-16 18:06:32,150 :: INFO :: ended task STSBenchmarkSTS(name='STSBenchmark', languages=['eng'])
2025-01-16 18:06:32,150 :: INFO :: started task ArguAna(name='ArguAna', languages=['eng'])
2025-01-16 18:06:45,206 :: INFO :: ended task ArguAna(name='ArguAna', languages=['eng'])
2025-01-16 18:06:45,206 :: INFO :: started task ArxivClusteringP2P(name='ArxivClusteringP2P', languages=['eng'])
2025-01-16 18:19:28,080 :: INFO :: ended task ArxivClusteringP2P(name='ArxivClusteringP2P', languages=['eng'])
2025-01-16 18:19:28,080 :: INFO :: started task BiorxivClusteringP2P(name='BiorxivClusteringP2P', languages=['eng'])
2025-01-16 18:21:07,185 :: INFO :: ended task BiorxivClusteringP2P(name='BiorxivClusteringP2P', languages=['eng'])
2025-01-16 18:21:07,185 :: INFO :: started task MedrxivClusteringP2P(name='MedrxivClusteringP2P', languages=['eng'])
2025-01-16 18:21:57,774 :: INFO :: ended task MedrxivClusteringP2P(name='MedrxivClusteringP2P', languages=['eng'])
2025-01-16 18:21:57,775 :: INFO :: started task MindSmallReranking(name='MindSmallReranking', languages=['eng'])
2025-01-16 18:26:03,613 :: INFO :: ended task MindSmallReranking(name='MindSmallReranking', languages=['eng'])
2025-01-16 18:26:03,613 :: INFO :: started task RedditClusteringP2P(name='RedditClusteringP2P', languages=['eng'])
2025-01-16 18:31:12,375 :: INFO :: ended task RedditClusteringP2P(name='RedditClusteringP2P', languages=['eng'])
2025-01-16 18:31:12,376 :: INFO :: started task SCIDOCS(name='SCIDOCS', languages=['eng'])
2025-01-16 18:31:37,224 :: INFO :: ended task SCIDOCS(name='SCIDOCS', languages=['eng'])
2025-01-16 18:31:37,225 :: INFO :: started task SciDocsReranking(name='SciDocsRR', languages=['eng'])
2025-01-16 18:32:18,776 :: INFO :: ended task SciDocsReranking(name='SciDocsRR', languages=['eng'])
2025-01-16 18:32:18,776 :: INFO :: started task StackExchangeClusteringP2P(name='StackExchangeClusteringP2P', languages=['eng'])
2025-01-16 18:33:34,623 :: INFO :: ended task StackExchangeClusteringP2P(name='StackExchangeClusteringP2P', languages=['eng'])
2025-01-16 18:33:34,623 :: INFO :: started task STS15STS(name='STS15', languages=['eng'])
2025-01-16 18:33:36,380 :: INFO :: ended task STS15STS(name='STS15', languages=['eng'])
2025-01-16 18:33:36,380 :: INFO :: started task STS16STS(name='STS16', languages=['eng'])
2025-01-16 18:33:38,217 :: INFO :: ended task STS16STS(name='STS16', languages=['eng'])
2025-01-16 18:33:38,217 :: INFO :: started task STSBenchmarkSTS(name='STSBenchmark', languages=['eng'])
2025-01-16 18:33:39,556 :: INFO :: ended task STSBenchmarkSTS(name='STSBenchmark', languages=['eng'])
2025-01-16 18:33:39,556 :: INFO :: started task ArguAna(name='ArguAna', languages=['eng'])
2025-01-16 18:33:47,797 :: INFO :: ended task ArguAna(name='ArguAna', languages=['eng'])
2025-01-16 18:33:47,797 :: INFO :: started task ArxivClusteringP2P(name='ArxivClusteringP2P', languages=['eng'])
2025-01-16 18:38:20,425 :: INFO :: ended task ArxivClusteringP2P(name='ArxivClusteringP2P', languages=['eng'])
2025-01-16 18:38:20,426 :: INFO :: started task BiorxivClusteringP2P(name='BiorxivClusteringP2P', languages=['eng'])
2025-01-16 18:39:05,498 :: INFO :: ended task BiorxivClusteringP2P(name='BiorxivClusteringP2P', languages=['eng'])
2025-01-16 18:39:05,498 :: INFO :: started task MedrxivClusteringP2P(name='MedrxivClusteringP2P', languages=['eng'])
2025-01-16 18:39:33,968 :: INFO :: ended task MedrxivClusteringP2P(name='MedrxivClusteringP2P', languages=['eng'])
2025-01-16 18:39:33,969 :: INFO :: started task MindSmallReranking(name='MindSmallReranking', languages=['eng'])
2025-01-16 18:42:37,444 :: INFO :: ended task MindSmallReranking(name='MindSmallReranking', languages=['eng'])
2025-01-16 18:42:37,444 :: INFO :: started task RedditClusteringP2P(name='RedditClusteringP2P', languages=['eng'])
2025-01-16 18:45:09,387 :: INFO :: ended task RedditClusteringP2P(name='RedditClusteringP2P', languages=['eng'])
2025-01-16 18:45:09,387 :: INFO :: started task SCIDOCS(name='SCIDOCS', languages=['eng'])
2025-01-16 18:45:23,995 :: INFO :: ended task SCIDOCS(name='SCIDOCS', languages=['eng'])
2025-01-16 18:45:23,995 :: INFO :: started task SciDocsReranking(name='SciDocsRR', languages=['eng'])
2025-01-16 18:45:24,431 :: INFO :: ended task SciDocsReranking(name='SciDocsRR', languages=['eng'])
2025-01-16 18:45:24,431 :: INFO :: started task StackExchangeClusteringP2P(name='StackExchangeClusteringP2P', languages=['eng'])
2025-01-16 18:46:04,320 :: INFO :: ended task StackExchangeClusteringP2P(name='StackExchangeClusteringP2P', languages=['eng'])
2025-01-16 18:46:04,321 :: INFO :: started task STS15STS(name='STS15', languages=['eng'])
2025-01-16 18:46:05,174 :: INFO :: ended task STS15STS(name='STS15', languages=['eng'])
2025-01-16 18:46:05,174 :: INFO :: started task STS16STS(name='STS16', languages=['eng'])
2025-01-16 18:46:05,724 :: INFO :: ended task STS16STS(name='STS16', languages=['eng'])
2025-01-16 18:46:05,724 :: INFO :: started task STSBenchmarkSTS(name='STSBenchmark', languages=['eng'])
2025-01-16 18:46:06,220 :: INFO :: ended task STSBenchmarkSTS(name='STSBenchmark', languages=['eng'])
2025-01-16 18:46:06,221 :: INFO :: started task ArguAna(name='ArguAna', languages=['eng'])
2025-01-16 18:46:18,143 :: INFO :: ended task ArguAna(name='ArguAna', languages=['eng'])
2025-01-16 18:46:18,143 :: INFO :: started task ArxivClusteringP2P(name='ArxivClusteringP2P', languages=['eng'])
2025-01-16 18:59:30,070 :: INFO :: ended task ArxivClusteringP2P(name='ArxivClusteringP2P', languages=['eng'])
2025-01-16 18:59:30,070 :: INFO :: started task BiorxivClusteringP2P(name='BiorxivClusteringP2P', languages=['eng'])
2025-01-16 19:01:07,420 :: INFO :: ended task BiorxivClusteringP2P(name='BiorxivClusteringP2P', languages=['eng'])
2025-01-16 19:01:07,420 :: INFO :: started task MedrxivClusteringP2P(name='MedrxivClusteringP2P', languages=['eng'])
2025-01-16 19:01:58,689 :: INFO :: ended task MedrxivClusteringP2P(name='MedrxivClusteringP2P', languages=['eng'])
2025-01-16 19:01:58,690 :: INFO :: started task MindSmallReranking(name='MindSmallReranking', languages=['eng'])
2025-01-16 19:05:54,454 :: INFO :: ended task MindSmallReranking(name='MindSmallReranking', languages=['eng'])
2025-01-16 19:05:54,454 :: INFO :: started task RedditClusteringP2P(name='RedditClusteringP2P', languages=['eng'])
2025-01-16 19:10:53,443 :: INFO :: ended task RedditClusteringP2P(name='RedditClusteringP2P', languages=['eng'])
2025-01-16 19:10:53,443 :: INFO :: started task SCIDOCS(name='SCIDOCS', languages=['eng'])
2025-01-16 19:11:19,725 :: INFO :: ended task SCIDOCS(name='SCIDOCS', languages=['eng'])
2025-01-16 19:11:19,726 :: INFO :: started task SciDocsReranking(name='SciDocsRR', languages=['eng'])
2025-01-16 19:11:55,398 :: INFO :: ended task SciDocsReranking(name='SciDocsRR', languages=['eng'])
2025-01-16 19:11:55,398 :: INFO :: started task StackExchangeClusteringP2P(name='StackExchangeClusteringP2P', languages=['eng'])
2025-01-16 19:13:08,691 :: INFO :: ended task StackExchangeClusteringP2P(name='StackExchangeClusteringP2P', languages=['eng'])
2025-01-16 19:13:08,691 :: INFO :: started task STS15STS(name='STS15', languages=['eng'])
2025-01-16 19:13:10,344 :: INFO :: ended task STS15STS(name='STS15', languages=['eng'])
2025-01-16 19:13:10,344 :: INFO :: started task STS16STS(name='STS16', languages=['eng'])
2025-01-16 19:13:11,862 :: INFO :: ended task STS16STS(name='STS16', languages=['eng'])
2025-01-16 19:13:11,862 :: INFO :: started task STSBenchmarkSTS(name='STSBenchmark', languages=['eng'])
2025-01-16 19:13:12,994 :: INFO :: ended task STSBenchmarkSTS(name='STSBenchmark', languages=['eng'])
